,Location_Category,Customer_Loyalty_Status,Number_of_Past_Rides,Average_Ratings,Time_of_Booking,Vehicle_Type,Expected_Ride_Duration,Historical_Cost_of_Ride,Supply-Demand Ratio,Expected_Ride_Duration_Gaussian
0,2,2,13,0.6466666666666665,3,1,90,-0.4717359098101107,0.35413023981248287,-0.1910520061461741
1,1,2,72,0.3733333333333331,1,0,43,-1.0618111764891296,1.0982512123502577,-0.967421566101701
2,0,2,0,0.3266666666666671,0,1,76,-0.22830096127160154,1.363205994352543,-0.40310812065628554
3,0,1,67,0.54,0,1,134,0.5222704852066055,-0.5398247167235721,0.5157047936930386
4,0,1,74,0.18000000000000016,0,0,149,1.107522139986631,-0.7087193936574856,0.8344270065319034
5,2,2,83,0.006666666666666821,3,0,128,-0.1739889132316918,0.7657089262830622,0.40310812065628565
6,1,1,44,0.6066666666666669,0,1,16,-1.4350138287080942,0.1812447471077939,-1.7460165226992128
7,0,0,83,0.06000000000000005,0,1,47,-0.7307120393040414,0.9179340627261545,-0.8708457453650698
8,0,2,71,0.16000000000000014,1,0,128,0.689117624434523,-1.2808673130679444,0.40310812065628565
9,0,2,21,0.2333333333333334,3,1,128,0.14161237816677047,-1.4786447894382855,0.40310812065628565
10,2,1,99,0.7933333333333339,2,0,167,1.586591610991775,-1.1656128575857863,1.3351777361189376
11,0,0,15,0.42666666666666675,1,1,144,0.22712664849551617,0.9360083302261731,0.6985257103450605
12,0,0,50,0.41333333333333355,2,0,164,0.6303049829674745,-0.4444139316301906,1.22064034884735
13,1,2,88,0.48,3,1,83,-0.4076640996420486,1.0746128547590694,-0.2954151418352379
14,0,1,74,0.9666666666666668,0,1,102,-0.24276973886212422,-1.1172923207823124,0.0
15,2,2,30,0.6733333333333333,0,1,140,0.3882831394094754,-0.575370695308781,0.6045853465832371
16,0,2,35,0.28666666666666707,0,1,54,-0.6840742340273218,1.3582380540068504,-0.7326562468998601
17,1,2,21,0.8066666666666666,0,0,15,-1.7383692726682423,-0.5926264243101261,-1.876358561894595
18,1,0,49,0.54,1,1,22,-1.2973787794907006,-1.085318322515186,-1.5089438550380376
19,1,2,24,0.8800000000000003,1,1,87,0.05583876397248414,-1.0100670685580748,-0.23595445309678068
20,2,1,6,0.9666666666666668,0,1,11,-1.5488177506518066,0.21086066499574938,-2.3225745319461932
21,1,2,79,0.6533333333333338,3,0,15,-1.6487915847759433,0.35413023981248287,-1.876358561894595
22,0,1,6,0.31333333333333346,2,0,139,0.09711131184254165,-1.0627191770506994,0.5894557978497786
23,2,1,10,0.06666666666666687,1,1,45,-0.8571136601602259,0.35413023981248287,-0.9084578685373851
24,1,0,72,0.206666666666667,3,1,65,-0.7315338380045286,-0.1346949401727666,-0.5894557978497783
25,0,1,36,0.8733333333333331,1,0,162,0.1820482015206623,-0.9754872732920268,1.1689488445314824
26,0,0,66,0.5933333333333333,2,1,30,-1.0158396299875523,0.1624784053635303,-1.2477538553513248
27,2,2,76,0.8000000000000003,3,0,158,1.4974177114513558,1.5010332617857445,1.0517172529984828
28,1,1,39,0.27333333333333343,1,1,129,0.16424478041934854,0.49916015824503845,0.4307272992954577
29,1,2,54,0.3999999999999999,3,1,131,0.8835543826011193,1.0746128547590694,0.47278912099226755
30,1,2,13,0.3266666666666671,2,1,81,-0.4617170497200465,-0.719493365135181,-0.3219708901819884
31,1,0,94,0.8600000000000003,1,1,153,0.6016729352470676,1.3970983286281267,0.9277536853574254
32,2,0,39,0.7599999999999998,0,1,48,-1.0767191866063457,-0.982969635006127,-0.8344270065319033
33,1,0,73,0.17333333333333334,1,1,105,0.6060766971710252,1.152670855160277,0.0379883512302825
34,1,1,34,0.05333333333333368,2,0,77,-0.4157360974046783,0.21936581724479617,-0.3757931145253796
35,0,2,97,0.1200000000000001,2,1,91,0.10871130553535058,0.11377610113216945,-0.1781745977224104
36,1,0,52,0.5533333333333337,0,1,94,0.4473218122844232,-0.14915041266766965,-0.13971029888186198
37,0,0,65,0.9199999999999999,1,1,101,0.6950877545174787,0.7947678553558875,-0.012660076940314008
38,1,1,2,0.5266666666666668,2,0,89,-0.6857769033601714,-1.0733642950557747,-0.20396117575131423
39,0,1,14,0.8733333333333331,1,1,170,1.4017784875157389,-0.9714930020944903,1.5089438550380385
40,2,2,88,0.15333333333333332,3,1,92,-0.14484715379721766,0.35413023981248287,-0.16532666916589686
41,2,2,55,0.666666666666667,3,0,45,-1.1832802084421834,-1.2731701160774616,-0.9084578685373851
42,1,1,52,0.7066666666666666,1,0,125,0.8460013404071346,1.7379008543005565,0.348755695517045
43,0,1,89,0.24666666666666703,0,1,166,0.5898882759478346,-1.4786447894382855,1.3035115013095302
44,2,2,35,0.6400000000000001,2,1,116,-0.08843504814216938,-0.00367809921312751,0.23595445309678026
45,1,1,25,0.18000000000000016,0,0,91,-0.366405284420498,-0.38646222102817546,-0.1781745977224104
46,1,2,60,0.2533333333333334,3,1,161,0.7610960578984485,0.1331621903907654,1.1202053547494892
47,2,1,67,0.06000000000000005,1,1,96,-0.060782396619476944,-0.5711547521748026,-0.10145167264194725
48,1,2,83,0.6600000000000001,3,0,32,-1.562237291992846,0.43773602540469503,-1.168948844531482
49,0,0,15,0.020000000000000018,3,0,123,0.2572434633940884,-1.7966254654023457,0.3219708901819885
50,2,2,27,0.8200000000000003,0,0,117,0.7932532838141957,-0.3714195815175683,0.24827509310711635
51,2,2,16,0.5333333333333332,2,0,53,-1.0126249003120638,-1.152627228249244,-0.7485868171393245
52,0,2,70,0.9466666666666668,1,0,65,-0.9748750977951437,0.35413023981248287,-0.5894557978497783
53,1,0,18,0.2400000000000002,0,1,112,0.8007877298299979,1.9209493666295596,0.16532666916589714
54,2,2,40,0.9266666666666667,3,1,106,0.20411990608009178,-0.2508032243347423,0.05266219244079998
55,1,2,94,0.746666666666667,1,1,150,1.135931753441566,0.6522835188432013,0.8524950342746943
56,0,2,44,0.033333333333333215,3,0,68,-0.37890540086149044,0.900949388136466,-0.5302197258242277
57,1,1,72,0.4400000000000004,2,1,128,0.21962647716894526,-0.8085609008773,0.40310812065628565
58,2,0,14,0.8933333333333335,3,0,89,-0.5312829082510632,-0.516567832294367,-0.20396117575131423
59,0,2,33,0.2333333333333334,3,0,94,-0.6699701058583893,0.0765455740721552,-0.13971029888186198
60,0,1,76,0.8133333333333335,0,0,69,-0.850288627402653,0.7716084607062453,-0.5157047936930385
61,1,0,49,0.18666666666666654,2,1,98,-0.41006163756807334,1.0513016976107532,-0.06334102325685856
62,2,2,88,0.7599999999999998,3,1,29,-1.2157946574899394,0.24522588979254897,-1.2758170414017849
63,0,1,2,0.0,0,1,81,-0.40351714663796545,-1.1106446127689036,-0.3219708901819884
64,0,1,91,0.7133333333333338,3,0,164,1.5726307136678606,1.6433540446173514,1.22064034884735
65,2,0,41,0.98,1,1,91,0.41185121405632447,-0.16388016191486063,-0.1781745977224104
66,2,1,72,0.5333333333333332,0,0,147,1.349708280846589,1.3111269614665504,0.7647096737863871
67,1,2,77,0.44666666666666677,2,0,28,-1.4779204451066061,0.4726572189231291,-1.3024548499458037
68,2,1,96,0.27333333333333343,3,0,169,1.417991343541008,0.9394198699389572,1.4705452438880635
69,2,1,80,0.8466666666666667,3,1,64,-0.411161089797537,-1.3295269169014179,-0.604585346583237
70,0,1,15,0.3333333333333335,1,0,98,-0.10244600823741262,-0.18078884522839878,-0.06334102325685856
71,2,0,61,0.5933333333333333,3,0,15,-1.658504148054722,1.6130261210949342,-1.876358561894595
72,1,1,8,0.666666666666667,0,1,67,-0.5689677179043915,-0.634336087127533,-0.5448472393466709
73,0,2,86,0.7800000000000002,3,1,95,-0.17306460158505838,0.909878383106904,-0.11418529432142824
74,1,0,28,0.9133333333333336,0,0,132,0.3782400449822471,0.7828755356909127,0.48699393885129066
75,0,0,49,0.6266666666666669,1,0,96,-0.5743846300410906,-1.200262704232153,-0.10145167264194725
76,0,2,49,0.766666666666667,3,0,60,-0.8075701704734677,1.1599469963923865,-0.6665642591979041
77,0,1,96,0.8933333333333335,3,0,112,0.11080741158609342,-0.6729207130975445,0.16532666916589714
78,2,2,82,0.6133333333333333,3,1,40,-1.180990768147538,0.900949388136466,-1.015716707115957
79,2,0,34,0.8133333333333335,3,1,78,-0.31276599449554715,-0.7835997360869859,-0.36224130284473643
80,0,2,67,0.206666666666667,0,1,82,-0.033951257800660536,0.4614505427856546,-0.308665805694934
81,1,2,87,0.02666666666666684,0,1,98,0.2858412936245867,-0.7763195243854903,-0.06334102325685856
82,2,0,39,0.5333333333333332,1,0,143,-0.07189738496343503,-0.6987576719374227,0.6824578366693302
83,0,1,70,0.5133333333333332,0,1,52,-0.599568874746591,-0.4883711609099988,-0.7647096737863871
84,2,0,2,0.6133333333333333,3,0,86,-0.27905204786163623,-1.02970048582349,-0.2530566113893796
85,0,1,18,0.7733333333333334,2,1,140,0.4382938064320166,0.1677242711481218,0.6045853465832371
86,2,2,88,0.7933333333333339,0,0,18,-1.750126058416981,1.4102372356260824,-1.639976270133218
87,0,0,33,0.41999999999999993,3,1,48,-0.7956613314455502,0.08388952832700391,-0.8344270065319033
88,0,1,23,0.4666666666666668,1,0,45,-1.0656440571022787,-1.788354975733527,-0.9084578685373851
89,2,1,23,0.5266666666666668,2,0,167,1.174659588994782,0.3835544809485654,1.3351777361189376
90,2,1,31,0.8333333333333335,0,1,113,0.036378699748129704,0.15692870860411204,0.1781745977224104
91,0,0,40,0.13333333333333375,1,1,80,-0.0630339367500898,1.5725530863234891,-0.3353332195143981
92,0,0,84,0.28666666666666707,1,1,58,-0.9034820320386121,-0.6406474662135522,-0.6877940372453101
93,1,2,82,0.9199999999999999,0,1,126,0.9678045543222046,-0.637046644450025,0.36359345331540416
94,0,0,40,0.7866666666666666,1,0,95,-0.4759634769730738,-1.8940588553272018,-0.11418529432142824
95,1,0,20,0.040000000000000036,0,1,105,0.33487114301952564,0.7041572845508952,0.0379883512302825
96,1,1,21,0.7599999999999998,0,0,156,1.674633128599433,-0.08432384521888846,1.0008089290180355
97,0,2,57,0.8866666666666667,1,0,154,1.3811137927342707,0.8469650176893423,0.9474012715571222
98,2,2,92,0.6066666666666669,0,1,138,0.9283089247819095,0.11120387267955312,0.5744599931693581
99,1,1,46,0.8133333333333335,2,0,45,-1.374631330992534,-0.20979579636352863,-0.9084578685373851
100,1,2,26,0.5066666666666668,3,0,152,0.16864323029035708,1.3111269614665504,0.9084578685373853
101,1,2,24,0.6600000000000001,0,0,45,-1.1571598957583136,1.4637478758736426,-0.9084578685373851
102,0,0,19,0.7000000000000002,2,1,131,0.6883181040682069,0.7355276086519716,0.47278912099226755
103,2,1,26,0.8999999999999999,1,1,152,1.015337970015524,-1.4541660933734561,0.9084578685373853
104,1,2,3,0.10666666666666691,2,1,53,-0.8323311177419757,1.0942042528105784,-0.7485868171393245
105,0,0,25,0.7866666666666666,0,1,16,-1.3493263096507386,0.21936581724479617,-1.7460165226992128
106,0,1,11,0.5733333333333337,0,0,60,-0.8090495063888814,0.9487161126953108,-0.6665642591979041
107,1,2,83,0.020000000000000018,1,0,121,0.6425496429585492,-0.5122184505034646,0.2954151418352382
108,0,1,51,0.4666666666666668,3,1,166,2.0406358407159133,0.6164957156525457,1.3035115013095302
109,2,1,90,0.08000000000000007,3,1,42,-0.8605284928442787,-0.23648669740438513,-0.9878373274485251
110,1,0,58,0.9400000000000004,0,0,161,0.4717963256606969,-0.7763195243854903,1.1202053547494892
111,1,1,88,0.42666666666666675,0,0,47,-1.1140244242298447,0.43773602540469503,-0.8708457453650698
112,1,0,63,0.7133333333333338,3,1,43,-0.8489363595144127,1.210681892387978,-0.967421566101701
113,0,0,86,0.7866666666666666,3,1,171,1.9270653359490404,-0.6313302403557509,1.5497059007365892
114,0,0,68,0.38000000000000034,2,0,136,-0.11707910504739084,-0.11450500077115398,0.5519505461602383
115,2,1,32,0.5,3,1,53,-0.960215271795318,0.723126066248079,-0.7485868171393245
116,2,2,47,0.41333333333333355,1,0,93,-0.4190348443314365,0.21936581724479617,-0.15250597424624424
117,1,1,40,0.6466666666666665,0,1,13,-1.550146728419359,0.25177299151651844,-2.0495942663939903
118,1,2,34,0.48666666666666725,1,1,125,0.07305714505971794,-0.8933675498686144,0.348755695517045
119,2,2,56,0.05333333333333368,3,0,89,-0.32930930704286,0.3993949298480198,-0.20396117575131423
120,1,0,15,0.48666666666666725,2,1,120,0.007805929235670568,0.915994922309294,0.2783435307834997
121,0,2,31,0.8066666666666666,3,0,71,-0.8069462456116946,-0.30514175234728064,-0.4727891209922672
122,1,1,100,0.13333333333333375,0,0,127,0.8478868177048664,0.9758740924549082,0.37997670947888895
123,2,0,10,0.2533333333333334,2,1,108,-0.25424288584102517,0.022464643973891543,0.08873448029941519
124,2,1,35,1.0,2,1,161,0.6463217051894876,0.6953860532966634,1.1202053547494892
125,1,1,59,0.24666666666666703,1,1,174,2.1710656698522603,-1.0611840564034232,1.7460165226992137
126,2,2,10,0.14000000000000012,2,1,171,1.8584679127287838,0.6953860532966634,1.5497059007365892
127,2,0,17,0.7733333333333334,3,0,10,-1.7869035572383205,0.8602899567602633,-5.199337582605575
128,0,2,12,0.5800000000000001,0,1,140,1.0749542576841165,1.3646575370941696,0.6045853465832371
129,2,0,22,0.9933333333333336,3,1,154,1.6545765898422724,-0.5215134566462906,0.9474012715571222
130,1,0,32,0.05333333333333368,3,0,148,0.7694330093367877,-1.3877168933455422,0.799082762135179
131,2,2,48,0.06000000000000005,1,0,121,0.6415784920164134,0.8602899567602633,0.2954151418352382
132,2,2,56,0.5466666666666669,3,0,11,-1.7281029278427815,-1.458339517789276,-2.3225745319461932
133,0,2,64,0.5466666666666669,1,0,152,0.7173450548405356,-0.0015216501834282021,0.9084578685373853
134,0,2,80,0.20000000000000018,0,0,93,-0.36452157228316057,-0.25407950406966706,-0.15250597424624424
135,2,2,78,0.6133333333333333,0,1,23,-1.39696398474054,-0.3635481210336091,-1.4705452438880622
136,2,1,12,0.5933333333333333,3,0,39,-1.1187975751005454,-0.4074246543738405,-1.0299567622253682
137,0,1,31,0.9466666666666668,3,1,132,0.1622662777789466,0.9487161126953108,0.48699393885129066
138,1,0,15,0.98,3,0,90,-0.4451252995036456,-1.5836147448587796,-0.1910520061461741
139,1,1,97,0.4666666666666668,0,1,25,-1.186556258464029,0.7836483435857697,-1.3761195610719854
140,0,0,74,0.8266666666666671,3,0,46,-0.949225768607568,1.9022034408605708,-0.8894945075306337
141,0,2,75,0.7733333333333334,2,0,160,1.615190615144813,0.13109447442124467,1.0968035620935135
142,0,2,73,0.006666666666666821,2,0,150,0.9571777926646309,-1.0445805783206998,0.8524950342746943
143,1,1,69,0.6933333333333334,0,0,52,-1.2845142686194897,1.2963920337960604,-0.7647096737863871
144,2,0,28,0.27333333333333343,0,0,23,-1.6164998861936517,-1.6104171300612833,-1.4705452438880622
145,0,1,79,0.5866666666666669,2,1,93,-0.14015391572548277,-0.24691801170633976,-0.15250597424624424
146,1,0,62,0.9666666666666668,3,1,13,-1.4457951579025337,1.363205994352543,-2.0495942663939903
147,1,1,73,0.9266666666666667,3,0,125,0.6502416602774969,-1.1664152021102354,0.348755695517045
148,0,0,89,0.8266666666666671,2,1,45,-1.0095108852787944,-0.8046724292692113,-0.9084578685373851
149,0,2,2,0.41333333333333355,2,0,126,0.34242093235260135,-1.1009159319915256,0.36359345331540416
150,2,2,82,0.41999999999999993,0,0,10,-1.8236455895931476,0.1045257864638388,-5.199337582605575
151,0,2,65,0.4600000000000004,1,0,112,-0.2620665214734202,1.0543911962589783,0.16532666916589714
152,2,2,84,0.9199999999999999,1,1,140,0.7103484059406167,-0.30514175234728064,0.6045853465832371
153,2,0,0,0.7266666666666666,0,1,92,-0.27608028968118653,-1.7450497905384084,-0.16532666916589686
154,2,2,48,0.39333333333333353,1,0,49,-0.8442864320211109,-0.28546028188819605,-0.8166273608486048
155,2,1,84,0.10000000000000009,3,0,176,2.0634463605889466,-0.6043331932729297,1.9556614355881687
156,1,1,84,0.5866666666666669,2,1,175,1.5675122029115083,0.91215640672541,1.8763585618945953
157,1,1,2,0.8000000000000003,1,1,38,-1.0768240730570804,0.040779754980842436,-1.0517172529984826
158,0,2,32,0.06666666666666687,2,1,160,1.4692742592727763,-1.4786447894382855,1.0968035620935135
159,1,1,42,0.56,0,1,158,1.2595911762422694,-1.2996425950660206,1.0517172529984828
160,0,2,57,0.1200000000000001,3,0,67,-0.6713152938604205,-0.15255584341868217,-0.5448472393466709
161,0,0,10,0.9533333333333331,3,1,148,0.30772116609054,-0.22283253950827736,0.799082762135179
162,1,1,98,0.3266666666666671,3,0,140,0.12902525621084882,-0.2632751538557929,0.6045853465832371
163,1,0,55,0.8266666666666671,2,0,109,0.33950109939617973,0.45218001409112346,0.102057646376773
164,1,2,30,0.11333333333333329,3,0,48,-0.9064070102611739,-0.8789109201677369,-0.8344270065319033
165,0,1,59,0.9400000000000004,0,0,175,1.9206092489771056,0.8146379727850576,1.8763585618945953
166,2,2,37,0.43333333333333357,3,0,84,-0.8363507172568472,0.6134978448674657,-0.28221614706250797
167,2,0,82,0.3266666666666671,3,1,10,-1.5429611653932604,0.610154523985969,-5.199337582605575
168,1,0,18,0.7400000000000002,3,0,145,1.067753252177433,1.2911459242197039,0.7312172511297167
169,2,1,95,0.54,2,1,21,-1.3561883188300181,0.1969750157900356,-1.5497059007365892
170,2,0,76,0.5666666666666664,2,0,72,-0.6768179419009231,-1.7810717572533088,-0.4586790696940935
171,2,1,87,0.5733333333333337,3,0,87,0.0780964101643402,0.22249168076878964,-0.23595445309678068
172,0,1,40,0.20000000000000018,2,1,139,0.7240683198468716,0.8909969158134955,0.5894557978497786
173,1,2,57,0.1200000000000001,3,0,75,-0.6585921882670721,-1.656959538340102,-0.4168779579954071
174,0,0,80,0.033333333333333215,3,0,14,-1.74583831045715,-1.4009062025180594,-1.9556614355881679
175,1,0,34,0.12666666666666693,0,0,96,0.27856302199038285,-0.4629789727745318,-0.10145167264194725
176,1,0,64,0.16666666666666696,2,0,31,-1.5317072302731518,1.5554520222618995,-1.2206403488473496
177,0,2,42,0.7000000000000002,3,0,87,-0.2327297732912821,0.6444607160865377,-0.23595445309678068
178,0,1,92,0.16000000000000014,2,0,53,-1.068468314802317,-0.3561447097547126,-0.7485868171393245
179,1,2,2,0.39333333333333353,1,0,85,-0.5910191632122694,-0.33971212088131053,-0.2690661378543141
180,2,0,39,0.9466666666666668,1,0,56,-0.9272755500629447,-1.0020504849649365,-0.709677673401031
181,2,2,37,0.48,1,0,68,-0.7495739632657927,-0.5292683392751298,-0.5302197258242277
182,0,1,0,0.48666666666666725,2,1,36,-1.0006715938895128,0.10857598755701646,-1.0968035620935135
183,1,2,34,0.6000000000000005,2,1,24,-1.1693315384089105,-1.4980589164911289,-1.3996566480498192
184,1,1,53,0.5,3,1,26,-1.3151860917496492,-1.2335967733064057,-1.3533210751663085
185,0,2,7,0.8666666666666667,2,0,173,1.2669446975942398,-0.3022071155177017,1.6906216295848986
186,2,2,72,0.17333333333333334,0,1,87,-0.4562056811884742,1.2829330623368673,-0.23595445309678068
187,1,1,94,0.206666666666667,1,1,139,0.1808042948083426,1.5274588243530178,0.5894557978497786
188,2,1,78,0.6000000000000005,1,1,61,-0.6600134144822004,0.28898083174517186,-0.6435530249586763
189,1,1,69,0.2400000000000002,1,1,175,1.3278746131378625,-0.6895196736144571,1.8763585618945953
190,0,1,98,0.6266666666666669,2,1,51,-0.5636641550452602,0.9112780359634136,-0.7817807527650722
191,1,2,84,0.9866666666666672,1,1,172,1.8349337834741328,-1.02970048582349,1.6399762701332197
192,2,1,77,0.5733333333333337,0,0,170,0.3094262265688904,-1.4147978708787756,1.5089438550380385
193,0,0,21,0.2333333333333334,2,1,126,1.2389823512997746,0.011333203850771559,0.36359345331540416
194,1,2,67,0.48,1,1,47,-0.6894793486701558,-1.1769236414283755,-0.8708457453650698
195,2,1,7,0.48,3,0,45,-1.049304015443753,1.1494790706707851,-0.9084578685373851
196,2,1,99,0.006666666666666821,3,0,130,0.5291044693908299,0.6642972461323853,0.4586790696940937
197,1,0,100,0.41999999999999993,2,0,134,0.43233239630555753,-1.7736019759563482,0.5157047936930386
198,1,2,12,0.4933333333333336,1,0,97,-0.648946715196007,1.384949548395899,-0.08873448029941505
199,0,0,90,0.8733333333333331,3,1,139,0.7981138908449533,-1.2547766547883492,0.5894557978497786
200,1,2,6,0.9600000000000004,3,1,71,-0.1390423142530505,1.3111269614665504,-0.4727891209922672
201,1,2,66,0.6000000000000005,3,0,77,-0.7400158036237656,0.9979296580658614,-0.3757931145253796
202,2,0,54,0.7333333333333334,3,1,52,-1.0075536174858615,0.31117164048614676,-0.7647096737863871
203,2,2,98,0.033333333333333215,0,1,164,0.974977643886746,-0.019538109352311372,1.22064034884735
204,2,1,80,0.8200000000000003,2,0,63,-0.9616053425552855,0.09747011354735112,-0.6161557801882251
205,2,2,77,0.27333333333333343,1,0,89,-0.7735598848422511,0.12354237744558473,-0.20396117575131423
206,0,2,11,0.8666666666666667,0,1,119,0.23574153090627362,0.20778191351969175,0.26520742775540335
207,2,0,90,0.07333333333333325,1,1,146,1.5994972904069857,0.5576796760090812,0.7478585947633022
208,0,2,5,0.8800000000000003,2,1,127,0.9629647464618345,1.3341156847904858,0.37997670947888895
209,0,2,9,0.16666666666666696,0,0,115,-0.2733283955387184,0.1773991383000511,0.21690442598171078
210,0,1,61,0.7133333333333338,3,0,56,-0.8396473130614288,-0.4172503211263438,-0.709677673401031
211,1,2,67,0.5133333333333332,2,1,164,2.066090304642213,1.2203066251086059,1.22064034884735
212,2,1,1,0.3733333333333331,0,1,157,1.7209089220382654,-1.3605170965669182,1.0299567622253682
213,1,0,34,0.09333333333333371,2,0,176,1.3089588876004827,0.9933941542230958,1.9556614355881687
214,0,2,86,0.08000000000000007,0,1,69,-0.23450254386831934,0.8469650176893423,-0.5157047936930385
215,0,1,7,0.10666666666666691,1,1,100,0.020300075564220785,0.8050686584744245,-0.037988351230282213
216,2,2,89,0.06000000000000005,3,0,27,-1.6160081898070686,-1.9990883016374328,-1.330050347161969
217,1,0,88,0.22666666666666657,2,0,167,0.42328696818107026,1.5618409942866889,1.3351777361189376
218,0,2,24,0.02666666666666684,3,0,119,-0.380074510104891,-1.874063993584674,0.26520742775540335
219,2,2,22,0.7133333333333338,0,0,53,-1.1712847006803933,-0.19448331061087523,-0.7485868171393245
220,1,2,54,0.18666666666666654,2,0,114,-0.17555551392999097,1.328712943755719,0.19105200614617424
221,0,0,62,0.02666666666666684,3,1,162,1.9294877037266684,-0.04043489726227189,1.1689488445314824
222,2,0,88,0.0,1,0,77,-0.9016443696323002,0.6547132475971034,-0.3757931145253796
223,0,0,68,0.5333333333333332,1,1,66,-0.4703910008552406,-1.3177771393639688,-0.5744599931693578
224,2,0,88,0.2533333333333334,3,0,164,0.6394073554228773,-0.6611772022479488,1.22064034884735
225,2,2,64,0.7000000000000002,3,1,10,-1.530543975086372,-1.5418401695426123,-5.199337582605575
226,2,2,74,1.0,3,1,175,1.8997569291925016,-0.11450500077115398,1.8763585618945953
227,0,0,79,0.10666666666666691,1,1,30,-1.1431844885165967,1.428790609793887,-1.2477538553513248
228,2,2,42,0.7733333333333334,2,0,14,-1.7532799707259477,0.9592893494623268,-1.9556614355881679
229,2,1,2,0.4933333333333336,2,1,128,0.4272479512203522,1.0383877990880626,0.40310812065628565
230,0,2,1,0.6799999999999997,2,1,36,-1.1753238917650075,1.1795013405518324,-1.0968035620935135
231,1,1,26,0.7066666666666666,2,1,96,0.255108686324895,1.2240051372576193,-0.10145167264194725
232,2,2,59,0.5466666666666669,3,0,42,-1.1821727274592484,-1.994992673657795,-0.9878373274485251
233,1,0,88,0.06666666666666687,1,1,71,-0.6961780708906459,-1.106285361789525,-0.4727891209922672
234,2,0,8,0.8999999999999999,2,0,31,-1.3548972873601572,1.2544147467209739,-1.2206403488473496
235,0,0,0,0.6400000000000001,0,0,174,0.5349308281753583,0.2589272307713001,1.7460165226992137
236,1,2,24,0.7266666666666666,1,0,96,-0.20235341566597395,-0.6550870595917045,-0.10145167264194725
237,1,2,0,0.9066666666666672,2,0,127,0.17952516400495597,-0.2755151108484827,0.37997670947888895
238,1,2,45,0.48666666666666725,3,1,141,0.9561508969736283,-1.0418999106498337,0.6352697098765966
239,1,2,25,0.4600000000000004,0,0,129,0.8634188050720201,1.8425679046573176,0.4307272992954577
240,0,0,56,0.33999999999999986,1,1,151,0.6881756136069401,1.786930029596213,0.8708457453650702
241,0,1,56,0.3333333333333335,3,1,26,-1.138083180322779,0.900949388136466,-1.3533210751663085
242,1,2,10,0.9466666666666668,2,0,103,-0.06789918975570751,0.11120387267955312,0.012660076940314149
243,1,2,80,0.16000000000000014,3,0,85,-0.12740513351673183,0.8469650176893423,-0.2690661378543141
244,0,1,7,0.9266666666666667,3,1,115,0.6308040299480872,0.9639368104878427,0.21690442598171078
245,0,0,63,0.4666666666666668,2,1,118,0.6050331345597397,-0.6210782203833899,0.2567320595114773
246,0,2,93,0.8999999999999999,1,0,99,0.28024934568138593,-1.0020504849649365,-0.05066061676587643
247,0,2,23,0.17333333333333334,0,0,12,-1.775102025154702,0.4614505427856546,-2.166106752892329
248,1,1,34,0.9266666666666667,2,1,80,-0.6098287465866895,0.8497609398799197,-0.3353332195143981
249,0,0,90,0.5,3,1,177,0.745338001703278,0.5145315288861111,2.049594266393992
250,2,2,22,0.16000000000000014,0,1,147,0.370160216258195,-1.9034570778114723,0.7647096737863871
251,2,2,51,0.7533333333333334,3,1,32,-1.0530265280935442,-0.8789109201677369,-1.168948844531482
252,2,2,10,0.10000000000000009,3,1,168,1.5293110400078502,0.48272871445208215,1.3996566480498198
253,0,2,99,0.5333333333333332,0,0,95,-0.39136968540179545,-1.4147978708787756,-0.11418529432142824
254,0,1,24,0.2333333333333334,1,1,144,0.6537838480544805,-0.719493365135181,0.6985257103450605
255,2,0,6,0.3666666666666667,0,1,69,-0.796426317854679,-0.23648669740438513,-0.5157047936930385
256,0,2,7,0.9466666666666668,2,1,103,0.33180112014539925,-0.10399312701385813,0.012660076940314149
257,0,0,16,0.33999999999999986,2,1,159,1.3788018410315805,1.4786129184735908,1.073987502640332
258,2,0,8,0.48666666666666725,2,1,90,0.38822189176506067,-0.9350911299917803,-0.1910520061461741
259,0,0,35,0.9266666666666667,0,1,72,-0.056221600638344915,0.45660603590298865,-0.4586790696940935
260,1,1,20,0.06000000000000005,2,0,63,-0.5624801002069763,0.43573251999120616,-0.6161557801882251
261,2,1,2,0.8733333333333331,2,0,143,0.7828937509754685,0.7087142235945713,0.6824578366693302
262,2,1,15,0.9600000000000004,0,0,163,1.085134361594561,1.5010332617857445,1.1943956635681565
263,1,1,39,0.3866666666666667,0,0,86,-0.12326938890695129,-0.6895196736144571,-0.2530566113893796
264,1,2,58,0.7599999999999998,2,1,68,-0.49858381123779594,0.7442691593475469,-0.5302197258242277
265,2,1,99,0.8000000000000003,1,1,179,1.6959101485408583,-0.16495257102563762,2.3225745319461946
266,2,1,13,0.6200000000000001,0,0,33,-1.5167960175819177,1.6698244365502815,-1.1523963281637326
267,1,0,37,0.14000000000000012,1,1,171,1.3326572136573487,-0.20725886678765967,1.5497059007365892
268,0,1,44,0.19333333333333336,3,1,72,-0.3468346335923853,-0.5122184505034646,-0.4586790696940935
269,2,0,74,0.3200000000000003,1,1,32,-1.0696385102982682,-1.451362358414185,-1.168948844531482
270,1,1,24,0.15333333333333332,0,0,126,0.3835170657521181,-1.4693875340843667,0.36359345331540416
271,1,1,20,0.013333333333333641,3,1,163,0.9857212049567103,-1.097052400984591,1.1943956635681565
272,1,0,13,0.05333333333333368,0,1,101,-0.09182922385227986,-0.4444139316301906,-0.012660076940314008
273,2,2,57,0.15333333333333332,2,1,133,0.5479113232349735,-1.4244774042294177,0.501297710767729
274,0,0,59,0.8133333333333335,0,1,178,1.1197628387909946,-1.170941561777672,2.1661067528923295
275,1,0,79,0.06666666666666687,3,1,154,1.5552697469653474,-1.006738356173119,0.9474012715571222
276,2,1,20,0.040000000000000036,3,1,134,0.7856453559138873,-0.20301723678623987,0.5157047936930386
277,0,0,78,0.6200000000000001,0,1,112,0.13465536625890362,1.5640974468361428,0.16532666916589714
278,1,2,51,0.39333333333333353,0,1,130,0.08344475848910275,-0.95835090625037,0.4586790696940937
279,1,2,19,0.9133333333333336,2,0,144,1.1685631911405912,-1.0418999106498337,0.6985257103450605
280,0,2,82,0.19333333333333336,0,0,174,1.1455700648367368,0.915994922309294,1.7460165226992137
281,1,1,1,0.020000000000000018,3,1,134,1.4775981227577737,-0.48375858176444325,0.5157047936930386
282,1,2,19,0.5466666666666669,3,0,176,1.9984294363964243,0.35413023981248287,1.9556614355881687
283,2,1,64,0.56,2,1,129,0.9761041064915109,-0.3833143838346571,0.4307272992954577
284,2,2,21,0.9199999999999999,3,1,87,0.24275241602256478,1.2928668292819063,-0.23595445309678068
285,2,2,86,0.41333333333333355,2,1,18,-1.468481339706328,1.3471275012171142,-1.639976270133218
286,2,1,57,0.3666666666666667,0,1,43,-0.9590963792803001,1.8207131884118464,-0.967421566101701
287,1,1,61,0.09333333333333371,3,0,132,0.6412813185504901,1.1881757060924198,0.48699393885129066
288,1,2,73,0.8666666666666667,2,0,124,0.19411956092953606,-0.9153026494641567,0.3353332195143984
289,2,0,8,0.4733333333333336,0,0,116,-0.04458782620185422,1.1148920110852916,0.23595445309678026
290,1,1,47,0.6466666666666665,2,0,66,-0.7690321944389685,-1.1816661976105145,-0.5744599931693578
291,1,2,64,0.8000000000000003,1,0,149,1.5793631214780193,0.09747011354735112,0.8344270065319034
292,1,2,61,0.5866666666666669,3,1,91,0.2022829209779046,0.8892261896598633,-0.1781745977224104
293,1,1,19,0.9466666666666668,0,0,169,1.806411480939416,0.35413023981248287,1.4705452438880635
294,2,1,47,0.18000000000000016,2,0,70,-1.0440189097902346,1.7314213858103646,-0.48699393885129033
295,0,2,43,0.8733333333333331,3,0,24,-1.5939593136040786,-1.8859292370980618,-1.3996566480498192
296,1,2,91,0.7400000000000002,1,1,127,0.10584620591548018,-0.17524225897957244,0.37997670947888895
297,1,2,85,0.6400000000000001,0,1,37,-1.089954089818019,-0.16001073895084622,-1.0739875026403314
298,0,2,36,0.06000000000000005,0,1,167,1.1480252201212169,1.3582380540068504,1.3351777361189376
299,0,2,57,0.8800000000000003,3,0,180,1.0235883083155932,-1.5269029326930714,5.19933758270342
300,2,1,73,0.3466666666666667,3,1,116,-0.10774387789297062,1.648954303852713,0.23595445309678026
301,1,1,53,0.11333333333333329,2,0,110,0.2288235556648617,1.627470836129854,0.11630930996408616
302,0,2,13,0.38000000000000034,0,1,60,-0.8996158662310499,-0.719493365135181,-0.6665642591979041
303,0,1,29,0.6600000000000001,3,0,79,-0.28252484377294335,0.0647493097611295,-0.3487556955170447
304,1,2,5,0.3533333333333335,3,1,71,-0.05585910821923567,-1.8416563850313126,-0.4727891209922672
305,2,1,65,0.5266666666666668,0,1,106,0.08004117375776258,-0.8789109201677369,0.05266219244079998
306,0,0,18,0.5733333333333337,1,0,85,-0.12642292920649387,-0.21988363035464112,-0.2690661378543141
307,0,1,74,0.8333333333333335,0,1,157,1.923372059102388,-1.02970048582349,1.0299567622253682
308,2,1,11,0.9066666666666672,0,0,133,-0.15412004545095384,0.25475995318912353,0.501297710767729
309,0,0,12,0.8600000000000003,2,1,166,1.2146229571726201,-1.2059544986322495,1.3035115013095302
310,2,2,11,0.10000000000000009,2,0,173,0.6000685509216728,0.4758343978697825,1.6906216295848986
311,2,1,28,0.7933333333333339,3,1,134,1.1153805474612453,0.082090217744452,0.5157047936930386
312,1,2,30,0.8866666666666667,0,0,140,1.2341290545562338,-1.4223435123878425,0.6045853465832371
313,0,2,76,0.5933333333333333,1,0,110,-0.014155398807230917,1.766663127726932,0.11630930996408616
314,1,1,45,0.4066666666666672,3,0,174,1.7981837481322578,0.03919876753782238,1.7460165226992137
315,1,1,74,0.6799999999999997,2,1,56,-0.8909466556901552,-0.9197261665160107,-0.709677673401031
316,2,0,49,0.6400000000000001,3,0,163,1.668178568902861,-0.2446914184597747,1.1943956635681565
317,1,2,95,0.8200000000000003,2,0,162,0.43167583629026784,0.5853206059259511,1.1689488445314824
318,1,2,96,0.2200000000000002,0,1,130,0.2142687396021578,1.0500508212666295,0.4586790696940937
319,2,2,20,0.12666666666666693,1,1,96,0.36319759774759797,0.013412352764363885,-0.10145167264194725
320,0,2,96,0.18000000000000016,0,1,61,-0.6995525866056562,0.5576796760090812,-0.6435530249586763
321,0,1,81,0.3866666666666667,0,1,50,-0.9152431027649924,0.2850138240804999,-0.7990827621351786
322,0,0,89,0.6466666666666665,1,1,45,-0.8149646272955636,1.1412987432678412,-0.9084578685373851
323,1,2,74,0.006666666666666821,2,0,173,1.7662872351237744,-0.3833143838346571,1.6906216295848986
324,0,2,12,0.9866666666666672,2,1,90,0.31496532554573664,0.5706213570153168,-0.1910520061461741
325,2,2,11,0.6600000000000001,0,1,96,0.5044234910514634,0.9979296580658614,-0.10145167264194725
326,2,0,21,0.43333333333333357,2,1,158,0.3882269707441359,0.7442691593475469,1.0517172529984828
327,1,2,61,0.5333333333333332,0,1,126,0.3695783660418355,-1.1009159319915256,0.36359345331540416
328,1,0,8,0.4066666666666672,3,1,157,1.5877804224615517,-0.5242495341283431,1.0299567622253682
329,1,1,80,0.08666666666666689,3,0,134,-0.09685081115887666,-1.9319717459028836,0.5157047936930386
330,0,0,33,0.5533333333333337,0,0,175,0.6265726074438871,1.761303647115234,1.8763585618945953
331,1,2,45,0.14000000000000012,2,1,40,-0.8015070610211289,-0.952544097521054,-1.015716707115957
332,1,0,27,0.020000000000000018,1,1,106,0.21250875815209627,1.047097918605198,0.05266219244079998
333,2,0,86,0.21333333333333337,1,1,152,0.5330394791266356,0.4864773332376705,0.9084578685373853
334,2,2,33,0.9066666666666672,0,0,44,-1.0293886355262531,-0.7708150075910525,-0.9474012715571217
335,1,0,3,0.7533333333333334,2,1,100,-0.3399428962681367,1.279819765951495,-0.037988351230282213
336,0,2,85,0.19333333333333336,1,0,102,-0.35382527923632967,0.09747011354735112,0.0
337,0,0,57,0.5133333333333332,2,1,69,-0.791369971001044,-0.9690087852128255,-0.5157047936930385
338,2,2,71,0.7066666666666666,1,1,15,-1.4509855623266963,1.0746128547590694,-1.876358561894595
339,1,2,55,0.6200000000000001,2,1,131,1.3952037242452409,-0.6895196736144571,0.47278912099226755
340,2,2,98,0.8666666666666667,2,0,18,-1.6551855058137825,-1.6354392910493316,-1.639976270133218
341,0,0,17,0.3200000000000003,0,0,29,-1.4993256153719143,0.35413023981248287,-1.2758170414017849
342,2,2,78,0.206666666666667,2,1,22,-1.4207174659121373,-0.779361115924231,-1.5089438550380376
343,0,0,96,0.10000000000000009,3,1,163,1.0058939299709093,-1.3792883395368736,1.1943956635681565
344,0,2,31,0.8800000000000003,3,0,100,-0.2651619125142677,-1.8023890163530194,-0.037988351230282213
345,0,2,33,0.9866666666666672,0,0,110,-0.4285312415351487,-1.788354975733527,0.11630930996408616
346,2,2,3,0.6066666666666669,2,0,97,-0.6936134494676369,1.2344380964633543,-0.08873448029941505
347,2,2,23,0.6266666666666669,1,1,136,0.37568198009837683,-0.1684687893889285,0.5519505461602383
348,1,1,73,0.38000000000000034,0,1,131,0.7112179404157041,0.6148217297536884,0.47278912099226755
349,2,1,85,0.4733333333333336,2,1,146,0.5474805786600484,-0.8120623016222501,0.7478585947633022
350,2,1,16,0.5666666666666664,0,1,147,1.3093408930070884,1.3299788016292942,0.7647096737863871
351,2,1,31,0.31333333333333346,2,1,64,-0.415081334089596,1.0746128547590694,-0.604585346583237
352,2,2,90,0.06666666666666687,1,1,150,1.8440885023971705,1.1310254698346829,0.8524950342746943
353,1,0,97,0.8866666666666667,1,1,66,-0.564110441798654,-0.7763195243854903,-0.5744599931693578
354,0,1,34,0.7599999999999998,0,0,100,0.05810036530351524,1.3130830083060492,-0.037988351230282213
355,2,0,15,0.046666666666666856,3,0,66,-0.5670163763889061,0.7849272969197965,-0.5744599931693578
356,1,2,76,0.9733333333333336,2,0,86,-0.19302489152372307,0.1773991383000511,-0.2530566113893796
357,0,1,66,0.7266666666666666,2,1,163,2.097433568164626,-0.11450500077115398,1.1943956635681565
358,0,2,28,0.9533333333333331,3,0,141,1.1557019171095344,-0.2689273296471644,0.6352697098765966
359,2,1,67,0.18666666666666654,0,1,58,-0.35955363366428345,-0.6895196736144571,-0.6877940372453101
360,2,1,32,0.42666666666666675,3,0,75,-0.6207934375637485,0.43200040581290255,-0.4168779579954071
361,0,0,18,0.6133333333333333,2,1,114,0.4731866070424682,-0.665436774630347,0.19105200614617424
362,1,0,88,0.666666666666667,1,1,144,1.1185656826350416,-0.07874833324100425,0.6985257103450605
363,2,0,88,0.3999999999999999,0,0,106,0.5348081441822229,1.7314213858103646,0.05266219244079998
364,1,1,41,0.26000000000000023,2,0,168,1.074390097560964,-1.4478332755685077,1.3996566480498198
365,1,2,50,0.22666666666666657,1,1,34,-0.9628602539895549,-0.15670371993787638,-1.1361536714782252
366,2,1,62,0.9133333333333336,3,0,166,1.98611740843345,1.132818849547057,1.3035115013095302
367,1,2,51,0.16666666666666696,2,1,110,0.2125186814326533,-0.9732266796544905,0.11630930996408616
368,1,1,91,0.5933333333333333,2,0,48,-0.9779590425566563,1.1953052743105477,-0.8344270065319033
369,2,1,93,0.30000000000000027,3,0,90,-0.08264046438303087,-1.2759457873912168,-0.1910520061461741
370,2,1,45,0.38000000000000034,2,1,99,0.2388016754039839,-0.5593175544921724,-0.05066061676587643
371,2,0,10,0.48,2,1,69,-0.3082236963475843,-0.00367809921312751,-0.5157047936930385
372,2,1,74,0.4733333333333336,2,1,160,1.376269032588652,-0.599435350963161,1.0968035620935135
373,2,0,85,0.48,3,0,131,0.5402349330916186,0.46677583360591235,0.47278912099226755
374,0,1,5,0.5666666666666664,1,1,100,-0.2919927337966594,0.11753389528999293,-0.037988351230282213
375,2,0,29,0.8600000000000003,1,1,24,-1.2829936492268588,-1.7620314999767852,-1.3996566480498192
376,0,1,30,0.6266666666666669,3,0,115,0.31156646002577165,-0.5122184505034646,0.21690442598171078
377,2,1,20,0.42666666666666675,1,0,127,-0.11908171746942325,0.35413023981248287,0.37997670947888895
378,2,2,32,0.8733333333333331,0,0,112,0.5020970192740821,-1.2996425950660206,0.16532666916589714
379,2,1,90,0.5333333333333332,3,0,145,1.4926765382092517,0.31555175696568677,0.7312172511297167
380,0,0,18,0.4666666666666668,2,1,49,-0.567473675348273,0.4614505427856546,-0.8166273608486048
381,0,2,48,0.7800000000000002,1,0,64,-0.5672742603352955,-1.676732778801081,-0.604585346583237
382,1,0,72,0.06666666666666687,2,1,101,-0.3672484997233101,-0.00367809921312751,-0.012660076940314008
383,1,2,67,0.4666666666666668,1,0,169,0.4782481740024782,0.6216492143424849,1.4705452438880635
384,0,1,25,0.746666666666667,3,1,45,-0.9164993030550191,1.8591140275433677,-0.9084578685373851
385,0,2,36,0.41333333333333355,0,1,13,-1.4876537444226892,-1.6588530509815829,-2.0495942663939903
386,0,2,47,0.8000000000000003,0,0,142,0.9320539990896175,-0.261128469789986,0.6665642591979043
387,2,0,31,0.8866666666666667,2,1,60,-0.4263530207788184,-1.7417060047472335,-0.6665642591979041
388,1,1,0,0.29333333333333345,0,1,40,-1.1845957495543575,-0.73740879405683,-1.015716707115957
389,2,1,41,0.48666666666666725,1,0,134,0.8681681599555033,0.08741766739160502,0.5157047936930386
390,2,2,31,0.9666666666666668,0,0,103,-0.3059747863166505,0.6021615820215491,0.012660076940314149
391,2,1,62,0.8800000000000003,0,0,162,1.222747257033317,1.2290456061576058,1.1689488445314824
392,1,2,64,0.98,3,1,152,1.7585688387603635,1.5725530863234891,0.9084578685373853
393,1,1,1,0.11333333333333329,2,1,88,0.10426988079781929,1.0486580887516757,-0.21690442598171064
394,1,0,34,0.8000000000000003,3,0,105,-0.21738467963125607,-0.17720992237947406,0.0379883512302825
395,1,2,1,0.7066666666666666,0,0,121,-0.3473479322919903,0.8252608208926037,0.2954151418352382
396,0,0,47,0.5066666666666668,2,0,26,-1.6263364542353378,1.3277370316845887,-1.3533210751663085
397,1,2,22,0.27333333333333343,3,0,180,2.1005361930487374,1.2497245847026144,5.19933758270342
398,0,2,62,0.9466666666666668,0,0,62,-1.091257940885522,-0.2742374249674749,-0.6278092970790504
399,0,0,63,0.5,1,0,132,-0.11081168228870936,0.1624784053635303,0.48699393885129066
400,1,0,37,0.48666666666666725,2,1,71,-0.048950166194160254,-1.2797080720644727,-0.4727891209922672
401,1,1,53,0.7333333333333334,1,1,38,-0.9129864323362863,-0.1893302544867192,-1.0517172529984826
402,2,0,49,0.48,0,1,23,-1.3421132676960121,1.7408002939498404,-1.4705452438880622
403,2,1,39,0.6733333333333333,0,0,137,1.2095913952664483,-1.31935919611966,0.5631696007650334
404,2,2,75,0.4066666666666672,2,1,80,-0.007368209548941242,0.5853206059259511,-0.3353332195143981
405,2,2,88,0.6600000000000001,3,0,56,-1.0629219402855052,-0.9328355693037009,-0.709677673401031
406,1,0,62,0.9866666666666672,2,0,130,0.8874763770855253,0.07077017590857133,0.4586790696940937
407,0,0,40,0.02666666666666684,3,0,75,-0.4840027909360344,-0.6895196736144571,-0.4168779579954071
408,0,0,10,0.18000000000000016,2,0,95,-0.612022931834242,-0.9253738734352394,-0.11418529432142824
409,2,0,53,0.6200000000000001,2,1,98,0.554348957812453,-0.5215134566462906,-0.06334102325685856
410,1,1,94,0.2200000000000002,3,0,28,-1.3249775043476577,0.07879033812000133,-1.3024548499458037
411,1,2,19,0.8533333333333335,3,1,19,-1.3973201510215187,-1.4147978708787756,-1.6084159635399504
412,2,0,67,0.6600000000000001,0,0,125,0.26362239917172037,0.4347663499338242,0.348755695517045
413,0,1,36,0.14666666666666694,1,1,23,-1.274698170504616,-1.0611840564034232,-1.4705452438880622
414,2,0,26,0.20000000000000018,2,0,30,-1.2835066886585074,1.6982543861008887,-1.2477538553513248
415,1,2,100,0.06666666666666687,3,1,172,0.9380626793775027,-0.6815686481577996,1.6399762701332197
416,1,0,24,0.16000000000000014,2,0,68,-0.48397243359852016,-1.9080167624192317,-0.5302197258242277
417,0,2,1,0.4933333333333336,3,1,35,-1.0158829608797635,-0.7458218361983279,-1.1202053547494892
418,1,2,20,0.5933333333333333,3,1,87,-0.31394621430637215,0.5946526516127224,-0.23595445309678068
419,2,2,28,0.9199999999999999,0,1,116,0.26933951473470436,0.915994922309294,0.23595445309678026
420,2,1,67,0.3533333333333335,1,1,143,0.840317335767731,1.4102372356260824,0.6824578366693302
421,2,2,6,0.9933333333333336,1,0,10,-1.8523448517026007,1.3616589577035842,-5.199337582605575
422,2,0,98,0.013333333333333641,3,1,109,-0.11190040189393434,-0.719493365135181,0.102057646376773
423,1,2,30,0.8399999999999999,0,0,60,-1.1643828882568257,-0.8515515698821096,-0.6665642591979041
424,1,1,41,0.7933333333333339,0,1,16,-1.4214862370988528,1.1505135951526553,-1.7460165226992128
425,0,1,31,0.7733333333333334,0,0,35,-1.2847719152154204,-0.35377377156625317,-1.1202053547494892
426,2,2,12,0.9933333333333336,0,0,22,-1.5838206993022408,0.46964170874725586,-1.5089438550380376
427,0,0,88,0.0,0,0,146,1.2104735301642047,-0.8789109201677369,0.7478585947633022
428,1,2,51,0.4666666666666668,0,1,168,1.0191544109019604,1.3201915847418466,1.3996566480498198
429,2,2,92,0.27333333333333343,3,0,115,-0.3332956774934946,0.0765455740721552,0.21690442598171078
430,2,0,38,0.6400000000000001,1,1,28,-1.2154324339611022,-0.4001461907930558,-1.3024548499458037
431,2,2,21,0.3533333333333335,2,0,73,-0.2616464726371897,-0.6456633361275861,-0.44465975598867175
432,1,0,87,0.3600000000000003,1,0,11,-1.8225572263343548,-0.021440685703736456,-2.3225745319461932
433,0,1,25,0.6333333333333337,1,1,31,-1.2190404335676752,-1.7966254654023457,-1.2206403488473496
434,0,2,70,0.21333333333333337,3,1,63,-0.6415389186366367,-1.4786447894382855,-0.6161557801882251
435,1,2,30,0.020000000000000018,0,1,32,-1.2080809536092485,-0.3918757324040192,-1.168948844531482
436,0,1,60,0.8866666666666667,1,1,156,0.6911962184049034,-0.0062605960959296,1.0008089290180355
437,2,1,13,0.8466666666666667,2,1,132,1.2735131251042917,0.7286616266668284,0.48699393885129066
438,2,2,66,0.19333333333333336,3,1,37,-0.9528243003898699,0.1381675342997712,-1.0739875026403314
439,2,2,45,0.44666666666666677,0,0,87,-0.2902330891276541,1.5725530863234891,-0.23595445309678068
440,0,0,95,0.28666666666666707,2,0,180,0.7490571294361652,0.5893127240515,5.19933758270342
441,2,1,77,0.11333333333333329,0,1,179,0.9803498518129259,1.2000295432187522,2.3225745319461946
442,1,2,8,0.6266666666666669,3,0,76,-0.6967826992670303,-1.1683592780713543,-0.40310812065628554
443,2,2,64,0.4400000000000004,1,0,10,-1.7699588939390316,-1.6226759235681023,-5.199337582605575
444,0,0,16,0.006666666666666821,3,1,30,-1.0243279741330837,-0.7484081861603015,-1.2477538553513248
445,0,0,29,0.15333333333333332,1,1,167,0.884154421667393,0.0378690376333684,1.3351777361189376
446,0,0,5,0.19333333333333336,0,1,154,0.9844714628443705,-0.11450500077115398,0.9474012715571222
447,0,1,55,0.4666666666666668,0,0,52,-1.1436992743985812,1.4237120764748898,-0.7647096737863871
448,2,2,80,0.2533333333333334,0,0,22,-1.6735196860553019,0.051905786336117796,-1.5089438550380376
449,1,2,51,0.16666666666666696,2,1,111,-0.20504955169524788,-0.28652279417643467,0.13971029888186212
450,1,0,18,0.6066666666666669,3,1,148,0.38100306305646725,-1.5987358259090985,0.799082762135179
451,0,0,7,0.046666666666666856,3,0,35,-1.2148739718526806,-0.835712567357004,-1.1202053547494892
452,0,1,42,0.5933333333333333,2,0,56,-0.8653180658007799,1.6314764808525066,-0.709677673401031
453,1,1,35,0.3466666666666667,0,0,39,-1.1775225193150662,-0.6313302403557509,-1.0299567622253682
454,1,1,84,0.9933333333333336,3,0,149,1.282676645238938,1.919148144710612,0.8344270065319034
455,1,1,73,0.040000000000000036,2,1,51,-0.6533378275165694,0.43773602540469503,-0.7817807527650722
456,0,0,10,0.17333333333333334,3,1,61,-0.33902668393862445,0.054325105173626945,-0.6435530249586763
457,0,1,14,0.8399999999999999,3,1,12,-1.4879398997488782,-0.8327428003731037,-2.166106752892329
458,0,0,21,0.5800000000000001,3,1,57,-0.6872756068591969,-0.7129260812019922,-0.6985257103450601
459,1,2,32,0.9133333333333336,1,1,85,-0.22082984826989877,0.5090580390362962,-0.2690661378543141
460,1,2,88,0.4400000000000004,2,0,151,1.1906471823282774,0.7277992139075131,0.8708457453650702
461,0,1,78,0.206666666666667,3,1,106,0.49961233577497466,1.5466103435778145,0.05266219244079998
462,0,1,56,0.2200000000000002,0,1,18,-1.4313227682015373,-0.8789109201677369,-1.639976270133218
463,0,1,54,0.41333333333333355,2,1,168,2.20004899411345,0.35413023981248287,1.3996566480498198
464,1,1,9,0.18000000000000016,1,0,130,0.05574161920946336,0.6715259315962625,0.4586790696940937
465,0,0,92,0.666666666666667,0,0,123,-0.28442448672339765,-0.6895196736144571,0.3219708901819885
466,0,1,53,0.43333333333333357,1,0,143,1.430703211338533,-0.21531008407909707,0.6824578366693302
467,1,0,47,0.54,2,0,57,-0.6896486896693648,0.8556289494509912,-0.6985257103450601
468,2,0,29,0.6600000000000001,0,0,32,-1.2695937478878856,-0.9009628597446969,-1.168948844531482
469,1,2,69,0.5800000000000001,2,0,110,0.1093807134806574,0.38603566915843274,0.11630930996408616
470,1,1,41,0.9533333333333331,0,1,162,1.3085594631292345,-0.07874833324100425,1.1689488445314824
471,0,2,69,0.7000000000000002,1,1,65,-0.32990764295921965,1.3534382816404813,-0.5894557978497783
472,1,1,73,0.766666666666667,0,1,165,2.125293033726649,1.467928621727904,1.2710701213098332
473,2,1,40,0.05333333333333368,1,0,141,0.005356872895751282,1.2682446980721418,0.6352697098765966
474,0,2,80,0.7333333333333334,3,1,172,2.362369069992338,1.1568796110548676,1.6399762701332197
475,1,0,75,0.07333333333333325,2,1,155,0.5390852764289535,-1.4009062025180594,0.9733840804101449
476,0,2,25,0.6066666666666669,3,1,74,-0.5652300415538903,-0.5181443345034192,-0.43072729929545744
477,0,2,15,0.15333333333333332,1,0,142,-0.016790751201545825,-0.49015879850299965,0.6665642591979043
478,2,2,63,0.2666666666666666,1,0,38,-1.3940526996080749,-0.6095506396413805,-1.0517172529984826
479,0,0,42,0.7066666666666666,0,0,124,0.3070894375305732,1.380342569592306,0.3353332195143984
480,0,2,100,0.4666666666666668,2,0,103,0.22599439913688477,1.4728180151632242,0.012660076940314149
481,0,1,45,0.4400000000000004,1,1,53,-0.7768419220828781,-0.0062605960959296,-0.7485868171393245
482,2,2,47,0.31333333333333346,1,0,77,-0.6685404483562413,-0.4735629222044155,-0.3757931145253796
483,1,2,50,0.9266666666666667,2,1,51,-0.8482570031636127,-1.2650712383083578,-0.7817807527650722
484,2,1,59,0.6333333333333337,3,0,173,1.497260513280238,-0.6261528554586866,1.6906216295848986
485,0,2,23,0.766666666666667,3,1,69,-0.4429275919539013,-1.5987358259090985,-0.5157047936930385
486,0,0,90,0.11333333333333329,1,0,32,-1.3296979660893624,-1.3410153651208918,-1.168948844531482
487,2,0,56,0.7733333333333334,1,1,70,-0.4271880303844614,1.5948770871898112,-0.48699393885129033
488,0,0,17,0.98,1,1,143,0.365845194538894,-1.8259993087184008,0.6824578366693302
489,2,1,91,0.16666666666666696,3,0,97,-0.3965463561083049,-1.5562534402989485,-0.08873448029941505
490,0,2,65,0.8399999999999999,2,0,168,1.3722588175046475,-1.733186369397199,1.3996566480498198
491,1,2,4,0.08666666666666689,3,1,123,0.3714939301830901,0.35413023981248287,0.3219708901819885
492,0,2,59,0.6266666666666669,2,1,147,1.7052810819712863,-1.6663267590951008,0.7647096737863871
493,1,2,38,0.45333333333333314,0,0,24,-1.4195804396082354,-0.34582975503708285,-1.3996566480498192
494,1,2,84,0.20000000000000018,3,0,174,1.010000500788031,0.0054824422494049495,1.7460165226992137
495,0,1,58,0.54,2,1,75,-0.23544880294837153,-0.4444139316301906,-0.4168779579954071
496,1,2,52,0.5466666666666669,1,0,36,-1.278245765488562,1.33884683105188,-1.0968035620935135
497,1,1,92,0.7200000000000002,1,1,16,-1.3781477550186993,-1.676732778801081,-1.7460165226992128
498,0,0,16,0.5866666666666669,1,1,46,-0.7235940626229556,1.3047558491926754,-0.8894945075306337
499,0,0,30,0.28666666666666707,1,1,42,-1.1514493623939774,0.9487161126953108,-0.9878373274485251
500,1,0,13,0.33999999999999986,1,0,127,0.31405621662365013,0.022464643973891543,0.37997670947888895
501,2,0,59,0.28000000000000025,1,0,159,1.1402709747507793,1.0019853956704035,1.073987502640332
502,0,2,51,0.6000000000000005,0,0,160,1.4684816840802462,-1.8511544585922244,1.0968035620935135
503,2,0,60,0.27333333333333343,1,1,145,1.000059139899361,-0.9328355693037009,0.7312172511297167
504,1,2,70,0.12666666666666693,1,1,46,-1.0656826639719568,-0.3171477249726543,-0.8894945075306337
505,0,0,46,0.19333333333333336,3,0,78,-0.9319328193832772,-1.2412533997613096,-0.36224130284473643
506,2,2,0,0.02666666666666684,2,0,50,-0.9611290550246387,-0.5473951468663709,-0.7990827621351786
507,0,1,65,0.4600000000000004,3,0,65,-1.1088478818208805,-1.152627228249244,-0.5894557978497783
508,2,0,53,0.1200000000000001,3,1,124,0.037235206142063694,0.04504672376902757,0.3353332195143984
509,2,0,53,0.6533333333333338,3,1,148,0.4736688197814161,-1.0733642950557747,0.799082762135179
510,0,2,73,0.02666666666666684,3,0,75,-0.737365437743783,1.5915791188260993,-0.4168779579954071
511,2,2,50,0.5066666666666668,3,1,141,0.8957275274021425,0.5409297486933031,0.6352697098765966
512,1,1,15,0.206666666666667,1,1,80,-0.2868579158877242,-0.6895196736144571,-0.3353332195143981
513,1,2,59,0.9866666666666672,0,1,43,-0.9418508931983259,0.9758740924549082,-0.967421566101701
514,2,2,83,0.9400000000000004,2,1,173,1.3363729292101034,0.35413023981248287,1.6906216295848986
515,2,2,99,0.9733333333333336,1,0,83,-0.1220328587689139,-0.27760247712413455,-0.2954151418352379
516,0,1,0,0.7200000000000002,0,1,41,-0.8892906476399638,1.518838521655625,-1.0016796950460707
517,2,0,35,0.28000000000000025,0,1,166,1.4082282365889351,1.0486580887516757,1.3035115013095302
518,0,0,51,0.046666666666666856,3,1,48,-0.6489208669826375,0.9252385823431689,-0.8344270065319033
519,0,2,85,0.6466666666666665,3,0,107,-0.25875399592486825,-1.9509605519101627,0.06877848354552202
520,0,1,69,0.6600000000000001,2,1,132,0.2832495014543451,-1.2731701160774616,0.48699393885129066
521,2,2,78,0.046666666666666856,3,0,114,0.5226328824717018,-1.0941391678566914,0.19105200614617424
522,2,1,69,0.6333333333333337,1,1,94,0.13657863146031593,-0.9328355693037009,-0.13971029888186198
523,0,1,64,0.046666666666666856,3,1,115,1.028674224545985,-0.6014971997777034,0.21690442598171078
524,1,0,73,0.9400000000000004,2,1,73,-0.7173096078305601,-0.5215134566462906,-0.44465975598867175
525,0,2,17,0.7000000000000002,0,0,72,-1.0025779484053063,-1.5836147448587796,-0.4586790696940935
526,1,1,27,0.9066666666666672,0,0,161,1.3460710775112636,-1.266344619032935,1.1202053547494892
527,1,2,77,0.8866666666666667,0,0,107,0.09024601664238265,1.1187784475995952,0.06877848354552202
528,0,2,59,0.48666666666666725,2,1,121,1.0819295407661556,0.3046124730090349,0.2954151418352382
529,2,0,92,0.7266666666666666,0,1,111,0.7774929535450349,0.5853206059259511,0.13971029888186212
530,0,2,42,0.006666666666666821,1,0,125,0.8268593856698062,-0.38646222102817546,0.348755695517045
531,1,1,26,0.5666666666666664,2,0,59,-0.9141509757907932,-1.1836871176375479,-0.6771409987502723
532,0,1,93,0.9066666666666672,1,0,153,1.3605640760746225,0.8206487253524459,0.9277536853574254
533,2,1,58,0.3666666666666667,1,0,74,-0.8225874387802752,1.2531396439176687,-0.43072729929545744
534,2,0,46,0.7200000000000002,0,1,150,1.5084258493229896,-0.027047502351261684,0.8524950342746943
535,2,1,57,0.8533333333333335,3,1,84,-0.4220048753061824,-0.20725886678765967,-0.28221614706250797
536,0,0,42,0.5,0,0,102,0.26452087810760416,1.3616589577035842,0.0
537,1,1,48,0.21333333333333337,1,0,126,0.9688505754352016,1.8354923286101956,0.36359345331540416
538,0,0,65,0.33999999999999986,2,0,111,-0.22387020019837864,-0.7356842416875776,0.13971029888186212
539,0,2,27,0.9933333333333336,2,0,83,-0.5936833825542802,-0.11450500077115398,-0.2954151418352379
540,1,2,16,0.3999999999999999,3,0,147,0.7888222966165487,-0.5215134566462906,0.7647096737863871
541,1,0,15,0.56,3,1,19,-1.3624629738282437,1.1316108565472613,-1.6084159635399504
542,2,1,26,0.8600000000000003,0,0,138,0.6442264918758308,1.2682446980721418,0.5744599931693581
543,1,1,91,0.7266666666666666,3,1,61,-0.9055097891758072,0.5335477434071341,-0.6435530249586763
544,1,2,38,0.8399999999999999,0,0,114,0.26340381543632657,-0.2719175995725225,0.19105200614617424
545,2,0,47,0.38000000000000034,0,0,77,-0.36080336829259957,-1.02970048582349,-0.3757931145253796
546,2,2,99,0.4600000000000004,2,0,76,-0.2925757905445182,0.5461981010119787,-0.40310812065628554
547,2,0,4,0.43333333333333357,3,0,83,-0.04056643960909133,-1.3177771393639688,-0.2954151418352379
548,0,0,64,0.8133333333333335,3,0,157,0.13801006000316246,1.1210171675449454,1.0299567622253682
549,2,1,38,0.9266666666666667,2,0,127,0.47471903301670665,0.001875107067334953,0.37997670947888895
550,2,2,15,0.11333333333333329,3,1,70,-0.07627190841138821,-0.25407950406966706,-0.48699393885129033
551,0,1,87,0.5666666666666664,1,0,74,-0.7922133750081625,-1.4049166108964386,-0.43072729929545744
552,1,1,83,0.7000000000000002,2,0,139,0.9936587484955676,1.3090905309978118,0.5894557978497786
553,2,0,42,0.7000000000000002,1,1,138,1.5392494735741942,1.75653048434882,0.5744599931693581
554,0,0,33,0.8333333333333335,3,0,156,0.8817572130384012,-0.41074603940276383,1.0008089290180355
555,2,2,53,0.29333333333333345,1,0,117,0.5752100007609923,-0.6014971997777034,0.24827509310711635
556,2,2,69,0.1200000000000001,2,0,55,-1.1237770102486289,-0.23648669740438513,-0.7209186037996784
557,1,0,58,0.18666666666666654,0,0,164,1.4195155338819836,1.0352745678143227,1.22064034884735
558,1,0,89,0.08666666666666689,0,0,142,0.2545021014109446,0.5039457890215525,0.6665642591979043
559,2,1,66,0.12666666666666693,1,1,22,-1.325805572521526,1.3970983286281267,-1.5089438550380376
560,0,1,23,0.30000000000000027,2,1,55,-0.7335653018716372,-0.9328355693037009,-0.7209186037996784
561,1,0,26,0.45333333333333314,2,0,32,-1.3106189407634392,-1.2547766547883492,-1.168948844531482
562,0,2,69,0.9333333333333336,1,0,107,0.0990262842113685,0.8146379727850576,0.06877848354552202
563,0,2,97,0.5,2,0,121,-0.2831077978827659,0.4121118674067926,0.2954151418352382
564,1,0,72,0.7066666666666666,2,0,113,0.041604474736389854,1.6740403584299028,0.1781745977224104
565,1,2,59,0.8133333333333335,2,1,49,-1.031080333815259,-0.40337622473294665,-0.8166273608486048
566,0,2,97,0.8666666666666667,2,0,130,0.4255737388176269,-0.15255584341868217,0.4586790696940937
567,1,0,86,0.9666666666666668,1,0,149,1.0326162820936133,-0.4444139316301906,0.8344270065319034
568,2,0,52,0.7866666666666666,0,1,121,0.15851832212219996,-0.7412756531948941,0.2954151418352382
569,0,0,8,0.6266666666666669,0,1,159,1.6964118159988344,-0.9431524206927162,1.073987502640332
570,1,1,62,0.6733333333333333,3,0,83,-0.3467011041800857,-0.6151200300808956,-0.2954151418352379
571,0,0,11,0.14666666666666694,3,0,52,-0.9941795296130063,1.164118623432367,-0.7647096737863871
572,1,2,81,0.686666666666667,2,1,14,-1.5044749971905353,-1.8882337178180524,-1.9556614355881679
573,1,1,26,0.9933333333333336,3,0,33,-1.2222887750617444,-0.6080255206860748,-1.1523963281637326
574,2,0,27,0.21333333333333337,2,0,158,0.9693667282206166,0.4187094340205234,1.0517172529984828
575,2,2,25,0.07333333333333325,2,0,85,-0.19209424625493599,0.8125706510598446,-0.2690661378543141
576,2,0,8,0.8866666666666667,2,0,29,-1.4833463710011803,1.3582380540068504,-1.2758170414017849
577,2,0,6,0.3466666666666667,1,1,171,1.0825591770069878,-0.2446914184597747,1.5497059007365892
578,1,2,92,0.4066666666666672,0,1,58,-0.5764134782419937,0.15225203276301036,-0.6877940372453101
579,0,0,65,0.02666666666666684,3,0,53,-0.9990353415230079,-0.7311831668592528,-0.7485868171393245
580,0,0,98,0.31333333333333346,1,0,57,-0.6486882822430381,-0.2618047544446245,-0.6985257103450601
581,0,0,51,0.3266666666666671,1,0,110,-0.389241746591767,0.012479866063288703,0.11630930996408616
582,0,0,11,0.05333333333333368,3,0,31,-1.495980448522255,-0.3106620551687467,-1.2206403488473496
583,2,1,95,0.9400000000000004,3,1,101,-0.21528994689882128,-0.8374888833045819,-0.012660076940314008
584,0,1,85,0.16000000000000014,1,0,44,-1.0070851261693852,-0.9690087852128255,-0.9474012715571217
585,1,0,24,0.9333333333333336,2,1,24,-1.3253181808383323,-1.828500781930657,-1.3996566480498192
586,0,0,2,0.5333333333333332,1,0,22,-1.6653064475564117,-1.2357511538189583,-1.5089438550380376
587,1,0,72,0.42666666666666675,0,0,10,-1.799462001913084,-0.30038620807106203,-5.199337582605575
588,2,0,67,0.17333333333333334,1,1,23,-1.2850047169917005,0.21086066499574938,-1.4705452438880622
589,2,0,40,0.7866666666666666,0,0,157,1.010755105252878,-1.7014386997910942,1.0299567622253682
590,1,1,38,0.6933333333333334,2,0,179,0.9294952232235173,0.022464643973891543,2.3225745319461946
591,2,0,53,0.7933333333333339,3,0,41,-1.2030187232440148,1.5554520222618995,-1.0016796950460707
592,1,1,97,0.41999999999999993,2,1,169,1.5844190390694506,0.8206487253524459,1.4705452438880635
593,0,2,26,0.040000000000000036,1,0,19,-1.6594931383963332,1.2806997423724487,-1.6084159635399504
594,0,2,34,0.006666666666666821,0,1,111,0.5625767863081967,-0.6584275498976099,0.13971029888186212
595,0,0,71,0.3733333333333331,3,0,150,0.2058274421664936,-1.6132819363024244,0.8524950342746943
596,2,0,35,0.8666666666666667,3,1,177,1.4850224253309217,1.8087356857816974,2.049594266393992
597,2,1,42,0.41999999999999993,1,0,68,-0.6910640671201459,-0.6228577278981484,-0.5302197258242277
598,1,2,51,0.8200000000000003,1,1,150,1.648786209431462,-0.22641149791582182,0.8524950342746943
599,0,1,80,0.8266666666666671,3,0,147,0.3196994910690006,1.7471244279112323,0.7647096737863871
600,1,0,62,0.7266666666666666,3,0,161,1.8615296069539267,-1.0020504849649365,1.1202053547494892
601,1,1,54,0.18000000000000016,2,1,176,0.737452962865695,-0.575370695308781,1.9556614355881687
602,2,1,9,0.5533333333333337,2,0,128,0.8034356254476598,0.25475995318912353,0.40310812065628565
603,0,2,41,0.9266666666666667,2,1,115,0.31892721789387096,1.7243531064999957,0.21690442598171078
604,2,0,56,0.5533333333333337,3,1,126,0.05321377908897713,-0.7899151443525342,0.36359345331540416
605,0,1,99,0.08000000000000007,2,1,106,-0.11259877675210804,-1.0192001614753783,0.05266219244079998
606,2,2,93,0.6266666666666669,2,1,154,0.7360706172216746,-0.95835090625037,0.9474012715571222
607,1,2,71,0.14666666666666694,3,0,121,-0.31313251919959123,-0.007753119184438523,0.2954151418352382
608,1,0,100,0.9199999999999999,3,0,101,-0.0014583226475347827,1.089687737973139,-0.012660076940314008
609,2,1,70,0.3466666666666667,2,1,66,-0.31023744285825766,-0.575370695308781,-0.5744599931693578
610,0,0,58,0.5466666666666669,1,1,142,0.6365446923872217,-1.776945367777528,0.6665642591979043
611,1,2,39,0.29333333333333345,0,0,128,0.8267347937852574,0.022464643973891543,0.40310812065628565
612,2,0,11,0.18000000000000016,1,0,111,0.3225976214264858,0.6021615820215491,0.13971029888186212
613,0,1,94,0.5333333333333332,1,1,168,0.9200011562239719,1.276798160883199,1.3996566480498198
614,2,1,75,0.046666666666666856,3,1,136,0.5221714913552125,1.3673074520738782,0.5519505461602383
615,2,1,65,0.48,3,0,18,-1.705093190695363,1.1340791550012728,-1.639976270133218
616,1,0,34,0.02666666666666684,0,0,80,-0.10923493913487989,-1.188709260879018,-0.3353332195143981
617,1,1,7,0.6000000000000005,0,1,101,0.12758768969960518,1.9089545257822083,-0.012660076940314008
618,2,0,41,0.5933333333333333,2,0,130,-0.025229847265161674,0.35413023981248287,0.4586790696940937
619,1,0,72,0.45333333333333314,3,1,113,-0.10459965359893741,0.04504672376902757,0.1781745977224104
620,1,1,15,0.3733333333333331,2,0,78,-0.1785315978760102,1.6045976329912164,-0.36224130284473643
621,2,1,39,0.18000000000000016,3,1,115,-0.13154056860868427,0.5409297486933031,0.21690442598171078
622,1,1,82,0.7533333333333334,2,0,108,0.5171903396928874,-0.021440685703736456,0.08873448029941519
623,0,2,60,0.5333333333333332,3,1,62,-0.848151568240872,-1.247535716822598,-0.6278092970790504
624,0,2,86,0.6266666666666669,2,1,129,1.0426131835242234,1.089687737973139,0.4307272992954577
625,0,0,2,0.020000000000000018,1,1,107,0.6397577937530309,1.0443711211623306,0.06877848354552202
626,2,2,13,0.8333333333333335,0,0,53,-1.061743169167796,-1.2227000402014434,-0.7485868171393245
627,1,0,47,0.8933333333333335,1,0,125,0.24378779378503207,0.051905786336117796,0.348755695517045
628,1,2,100,0.7200000000000002,3,1,157,1.5278173016238283,1.490505302561987,1.0299567622253682
629,2,1,78,0.08000000000000007,0,0,171,2.0960222192567683,1.2177750059374692,1.5497059007365892
630,1,0,86,0.6733333333333333,0,0,90,0.06258070215196783,1.552681429704541,-0.1910520061461741
631,0,0,22,0.30666666666666664,3,1,118,0.17159403320507155,1.2233118060573953,0.2567320595114773
632,2,1,82,0.15333333333333332,0,1,90,0.39726480899967154,-0.5189587051526253,-0.1910520061461741
633,1,0,67,0.7066666666666666,3,0,50,-1.1461028214608844,0.7191695609541001,-0.7990827621351786
634,1,1,47,0.5933333333333333,1,1,60,-0.4718480819576999,0.5168307720007028,-0.6665642591979041
635,1,1,79,0.2333333333333334,0,0,147,1.1696264586511183,1.8282104758943876,0.7647096737863871
636,0,2,28,0.2333333333333334,1,0,12,-1.798851037402052,-1.2412533997613096,-2.166106752892329
637,1,1,67,0.29333333333333345,1,1,162,1.1153037186145254,-0.5122184505034646,1.1689488445314824
638,1,0,97,0.8733333333333331,3,1,144,1.15272215369683,1.5453308351706674,0.6985257103450605
639,2,1,91,0.48666666666666725,1,1,86,0.14842267060553302,0.4468410079133236,-0.2530566113893796
640,1,1,87,0.15333333333333332,1,1,172,1.0846897122385897,0.10679224513646318,1.6399762701332197
641,0,2,80,0.8000000000000003,2,0,69,-0.9703772579540713,1.3443101994161273,-0.5157047936930385
642,2,1,43,0.19333333333333336,0,1,106,0.13715414163964484,-1.0611840564034232,0.05266219244079998
643,0,1,48,0.8200000000000003,3,1,169,2.129582628476187,1.4311558112052598,1.4705452438880635
644,2,2,28,0.9933333333333336,0,1,64,-0.8629111161806602,-0.04182555352377925,-0.604585346583237
645,0,2,78,0.8666666666666667,0,1,141,1.3146555028194444,-1.740653652589041,0.6352697098765966
646,0,2,87,0.020000000000000018,2,1,170,1.960410530312777,1.3047558491926754,1.5089438550380385
647,1,1,13,0.6266666666666669,3,0,35,-1.3030836848693823,0.7947678553558875,-1.1202053547494892
648,0,0,54,0.8200000000000003,3,1,145,1.1332367507072754,1.3443101994161273,0.7312172511297167
649,2,2,42,0.8200000000000003,0,0,102,-0.23622059126569456,-1.5256336135557143,0.0
650,0,0,8,0.3999999999999999,0,0,94,-0.5229314287194362,0.04504672376902757,-0.13971029888186198
651,0,0,91,0.56,1,1,21,-1.41266064254168,-1.8666581437823935,-1.5497059007365892
652,1,0,92,0.8999999999999999,2,0,44,-1.0195468276524444,0.47693165135033677,-0.9474012715571217
653,1,0,26,0.8000000000000003,2,1,94,0.17542193480431642,1.6371829518147238,-0.13971029888186198
654,2,0,6,0.11333333333333329,1,0,178,2.155874862009073,0.48152592436911595,2.1661067528923295
655,1,1,68,0.3200000000000003,2,0,114,-0.4456893275872418,-0.9253738734352394,0.19105200614617424
656,2,2,76,0.07333333333333325,2,0,166,1.6124340568519993,0.7355276086519716,1.3035115013095302
657,1,2,38,0.5,0,0,146,0.5699475722331816,0.6216492143424849,0.7478585947633022
658,1,1,60,0.28666666666666707,3,0,162,1.6247697845790317,1.275989469652601,1.1689488445314824
659,2,2,10,0.9400000000000004,1,0,16,-1.700226254425951,1.766663127726932,-1.7460165226992128
660,1,0,44,0.5266666666666668,1,1,87,-0.5600305798576015,0.11546086685691928,-0.23595445309678068
661,0,2,45,0.6133333333333333,1,1,130,0.39014014053245116,0.35413023981248287,0.4586790696940937
662,2,1,1,0.5666666666666664,3,1,45,-0.8673227518318884,-1.4997816744075467,-0.9084578685373851
663,2,0,87,0.5200000000000005,0,1,170,1.2366984171081157,1.933976975090937,1.5089438550380385
664,2,1,74,0.5933333333333333,3,0,118,0.49442110222792535,1.6045976329912164,0.2567320595114773
665,0,0,67,0.3666666666666667,1,1,151,0.7614123915336184,-1.353105184801814,0.8708457453650702
666,1,1,18,0.44666666666666677,3,1,121,0.41716016220492064,0.7041572845508952,0.2954151418352382
667,1,2,48,0.09333333333333371,1,0,176,1.971728900202155,0.32672773126791294,1.9556614355881687
668,1,1,40,0.3333333333333335,0,1,147,1.385232197930802,-0.08177181428462718,0.7647096737863871
669,1,1,72,0.08000000000000007,0,0,16,-1.610609869160747,-1.0656398123856632,-1.7460165226992128
670,0,2,51,1.0,1,1,29,-1.2182987406470447,1.2861422882627775,-1.2758170414017849
671,0,1,93,0.206666666666667,1,0,129,0.7132239382892136,-1.152627228249244,0.4307272992954577
672,1,1,95,0.8933333333333335,0,0,180,1.8914869218095889,-0.8789109201677369,5.19933758270342
673,0,1,17,0.8866666666666667,0,1,79,-0.47624767581515404,1.1293392988300797,-0.3487556955170447
674,1,1,88,0.7866666666666666,0,1,31,-1.1991337297716773,0.7947678553558875,-1.2206403488473496
675,1,0,67,0.020000000000000018,2,0,61,-1.1435081645133707,1.1044054087692483,-0.6435530249586763
676,2,1,86,0.033333333333333215,3,0,15,-1.6818097411057307,-0.9917088053261626,-1.876358561894595
677,0,0,64,0.7133333333333338,2,0,34,-1.2292235738533588,-1.6272852911935667,-1.1361536714782252
678,1,0,96,0.8466666666666667,2,0,105,-0.07149653478571494,-0.4196430560426376,0.0379883512302825
679,1,2,18,0.2200000000000002,2,0,121,0.18736485554057405,-1.7945801905293242,0.2954151418352382
680,1,1,1,0.6466666666666665,0,0,146,0.6142057659583959,1.025407393360657,0.7478585947633022
681,0,1,25,0.20000000000000018,1,1,13,-1.5122511575992612,-1.3792883395368736,-2.0495942663939903
682,2,0,26,0.8866666666666667,1,1,151,0.7385419053879045,-0.09497977645447933,0.8708457453650702
683,2,0,91,0.8800000000000003,2,0,47,-1.073826423897413,0.022464643973891543,-0.8708457453650698
684,1,2,54,0.22666666666666657,1,0,132,0.7915034656680157,-0.31816800718278315,0.48699393885129066
685,2,0,68,0.48666666666666725,3,0,108,0.457560918632239,-0.7899151443525342,0.08873448029941519
686,1,2,9,0.7866666666666666,3,1,135,0.8427359674139249,1.1599469963923865,0.5370315931394972
687,0,1,21,0.6200000000000001,1,1,38,-0.9207720469911269,0.3094818807189056,-1.0517172529984826
688,2,1,75,0.5933333333333333,3,1,19,-1.306955671108917,-1.0020504849649365,-1.6084159635399504
689,0,1,6,0.9733333333333336,0,1,180,2.478354662720289,-0.4444139316301906,5.19933758270342
690,0,2,49,0.7266666666666666,2,0,111,0.527016532686285,-0.20301723678623987,0.13971029888186212
691,0,0,32,0.8333333333333335,3,0,12,-1.7205900824293674,1.363205994352543,-2.166106752892329
692,0,2,31,0.12666666666666693,0,0,85,-0.5845099669368781,-0.6030799439836989,-0.2690661378543141
693,0,2,60,0.6466666666666665,0,1,124,0.8107492676459609,-0.23648669740438513,0.3353332195143984
694,2,0,43,0.8666666666666667,3,1,112,-0.2259965513262835,1.5764683146065952,0.16532666916589714
695,0,1,88,0.39333333333333353,2,0,70,-0.8540439975883726,1.4569740850804402,-0.48699393885129033
696,2,1,83,0.07333333333333325,3,0,13,-1.72973782057605,0.5576796760090812,-2.0495942663939903
697,1,0,78,0.4733333333333336,0,0,165,1.9345799525100678,0.1773991383000511,1.2710701213098332
698,0,0,98,0.5666666666666664,2,0,76,-0.48733352725199774,-0.5926264243101261,-0.40310812065628554
699,0,2,27,0.8200000000000003,2,1,141,0.5548186422961007,-1.0100670685580748,0.6352697098765966
700,0,1,55,0.10666666666666691,3,1,103,0.6299384614708692,-1.3845231037480834,0.012660076940314149
701,2,0,92,0.14000000000000012,3,0,105,-0.04842081640248999,-1.0562471734997398,0.0379883512302825
702,2,2,36,0.7266666666666666,2,0,18,-1.7248679492864596,1.3316863647676227,-1.639976270133218
703,2,0,15,0.45333333333333314,2,1,176,0.7715329819548026,0.7947678553558875,1.9556614355881687
704,0,1,1,0.56,3,0,99,-0.5870476405296398,-0.07874833324100425,-0.05066061676587643
705,2,0,27,0.7200000000000002,0,0,107,0.2726709550834477,0.314194455170302,0.06877848354552202
706,1,0,77,0.08000000000000007,3,1,74,0.007874328399090356,-0.5467704121434052,-0.43072729929545744
707,1,1,53,0.11333333333333329,1,1,48,-1.0063856105322044,-1.9635343106900014,-0.8344270065319033
708,0,2,61,0.8000000000000003,1,1,73,-0.2854173504213588,1.6045976329912164,-0.44465975598867175
709,0,0,21,0.7533333333333334,3,0,172,0.9445809666031255,-1.7620314999767852,1.6399762701332197
710,0,1,1,0.06000000000000005,0,1,87,0.2959104810996666,0.7947678553558875,-0.23595445309678068
711,2,2,68,0.8800000000000003,1,1,43,-1.112907610135061,-0.5049235180691848,-0.967421566101701
712,0,2,62,0.013333333333333641,2,1,152,1.4199940072820587,1.046245316197905,0.9084578685373853
713,1,2,7,0.6000000000000005,2,0,39,-1.288636775595459,-1.02970048582349,-1.0299567622253682
714,0,1,58,0.5200000000000005,0,0,21,-1.6938764207547246,0.5869010769536397,-1.5497059007365892
715,0,0,89,0.06666666666666687,1,1,107,0.5101156992497439,1.5433020748290847,0.06877848354552202
716,0,2,78,0.3533333333333335,0,1,26,-1.3484896883071824,-0.5083636164551968,-1.3533210751663085
717,0,2,77,0.05333333333333368,0,0,98,0.011507003900212264,0.35413023981248287,-0.06334102325685856
718,0,1,97,0.06666666666666687,0,1,67,-0.5509229338385132,-0.3309075583826328,-0.5448472393466709
719,1,0,100,0.48,2,1,173,1.674106932789085,0.5335477434071341,1.6906216295848986
720,2,0,40,0.06000000000000005,2,1,151,0.8312604640367744,-1.7945801905293242,0.8708457453650702
721,2,2,96,0.8066666666666666,1,1,176,2.349824980636835,-0.06801229077234945,1.9556614355881687
722,2,0,28,0.54,1,0,29,-1.355300868671873,-1.1986261661398634,-1.2758170414017849
723,1,1,8,0.9266666666666667,0,1,138,0.18222147109762352,0.1726905934858603,0.5744599931693581
724,0,2,33,0.31333333333333346,2,0,47,-1.2708235044501035,0.900949388136466,-0.8708457453650698
725,0,1,11,0.6000000000000005,0,0,83,-0.1534444166784185,0.35413023981248287,-0.2954151418352379
726,2,2,92,0.15333333333333332,3,1,125,0.469254361584191,-1.02970048582349,0.348755695517045
727,2,1,79,0.3666666666666667,2,0,83,-0.35341783830679213,-1.0487711036048077,-0.2954151418352379
728,2,2,35,0.4666666666666668,3,1,51,-0.647269048916447,0.35413023981248287,-0.7817807527650722
729,2,0,31,0.206666666666667,0,1,140,1.2943837235470916,0.6977343022061819,0.6045853465832371
730,0,2,74,0.41333333333333355,3,0,76,-0.7555520306902187,-1.653780984270686,-0.40310812065628554
731,0,2,61,0.24666666666666703,1,1,16,-1.3617659632006351,0.3801783453969816,-1.7460165226992128
732,2,1,82,0.746666666666667,0,1,72,-0.6362028275386097,0.09747011354735112,-0.4586790696940935
733,0,0,71,0.4066666666666672,2,0,111,0.17157538569143316,0.4121118674067926,0.13971029888186212
734,0,0,15,0.7866666666666666,1,1,20,-1.2686775109680106,1.9426192034296776,-1.5783809694989037
735,2,1,46,0.9066666666666672,3,0,128,-0.062246080768935154,0.7115058013433322,0.40310812065628565
736,1,2,34,0.7599999999999998,3,1,64,-0.7546905570429887,1.2621420849103235,-0.604585346583237
737,2,0,12,0.9866666666666672,2,0,81,-0.46023178218145416,-1.0591315708898954,-0.3219708901819884
738,2,2,65,0.7933333333333339,0,1,107,0.7281377191231035,-0.8003289462070146,0.06877848354552202
739,0,0,75,0.6466666666666665,2,1,154,1.8668289595152794,-1.2227000402014434,0.9474012715571222
740,2,0,15,0.020000000000000018,1,1,180,0.9609847053200349,-0.5215134566462906,5.19933758270342
741,0,2,52,0.8266666666666671,0,1,162,0.7383751891426436,-0.07510946654625479,1.1689488445314824
742,2,2,95,0.0,3,0,164,0.23241543521943892,0.8923029185288697,1.22064034884735
743,2,0,48,0.6000000000000005,0,1,152,1.537202837453206,0.022464643973891543,0.9084578685373853
744,2,2,16,0.7266666666666666,0,1,157,1.451590246300607,0.12354237744558473,1.0299567622253682
745,2,2,82,0.5333333333333332,2,1,172,1.8088975110281758,-0.7578208415652533,1.6399762701332197
746,1,0,66,0.7266666666666666,2,0,134,0.5650305698780879,-0.49420888913429145,0.5157047936930386
747,0,2,9,0.8600000000000003,0,1,167,1.9881601090272363,0.5934451481069899,1.3351777361189376
748,2,0,60,0.7533333333333334,0,0,111,0.5680755239464326,-0.17720992237947406,0.13971029888186212
749,1,0,57,0.5066666666666668,2,1,16,-1.4350430623729407,-0.949947815625868,-1.7460165226992128
750,1,2,74,0.45333333333333314,1,1,159,0.6077096784846976,-0.4001461907930558,1.073987502640332
751,1,2,11,0.08000000000000007,3,1,148,1.5213472890224962,0.4022747624650876,0.799082762135179
752,2,2,62,0.9866666666666672,1,0,38,-1.4765009778508242,-1.4009062025180594,-1.0517172529984826
753,0,0,28,0.20000000000000018,0,0,144,1.269106763016749,-1.2731701160774616,0.6985257103450605
754,0,2,32,0.6200000000000001,3,1,154,0.6927991695398023,0.6573905477681992,0.9474012715571222
755,0,1,11,0.16666666666666696,2,0,179,0.4983099922036288,-1.2850967063375007,2.3225745319461946
756,1,2,70,0.22666666666666657,3,0,122,-0.34248337690427527,-0.11450500077115398,0.30866580569493435
757,0,1,22,0.9199999999999999,0,1,172,2.3174740933184443,-1.0100670685580748,1.6399762701332197
758,0,1,34,0.6533333333333338,1,0,163,1.0930146256251663,-0.6424422234253542,1.1943956635681565
759,0,1,39,0.0,3,1,67,-0.47153732819660493,1.2891936852633883,-0.5448472393466709
760,2,2,39,0.14000000000000012,0,1,97,0.5659186219655493,-0.11450500077115398,-0.08873448029941505
761,1,2,1,0.9533333333333331,1,0,41,-1.3525780654632322,0.09747011354735112,-1.0016796950460707
762,1,1,71,0.43333333333333357,3,1,154,0.8553552150751935,-0.9075444656470886,0.9474012715571222
763,2,2,88,0.4733333333333336,1,1,65,-0.43087524517209763,-1.0020504849649365,-0.5894557978497783
764,0,0,37,0.8333333333333335,0,1,148,1.7927057161141167,-1.437080202129203,0.799082762135179
765,1,2,62,0.8266666666666671,1,1,129,0.337918790801749,0.2726031492406568,0.4307272992954577
766,1,0,48,0.5066666666666668,2,0,154,0.7033992618797162,-1.6663267590951008,0.9474012715571222
767,1,2,96,0.7933333333333339,2,1,116,0.6675448829277287,-0.481186161041882,0.23595445309678026
768,1,2,82,0.08000000000000007,1,1,146,0.4720155567641215,-0.8996038853033438,0.7478585947633022
769,2,0,11,0.4600000000000004,3,0,79,-0.5346080973019111,0.35413023981248287,-0.3487556955170447
770,1,0,88,0.3733333333333331,3,0,93,-0.6711516214744221,-1.200262704232153,-0.15250597424624424
771,2,2,55,0.6200000000000001,3,0,153,0.5893111684640667,-0.36053297113710303,0.9277536853574254
772,1,1,13,0.3600000000000003,0,0,60,-0.8927737779185462,0.8220228409524009,-0.6665642591979041
773,1,2,25,0.11333333333333329,3,0,142,0.8505250124243833,0.6953860532966634,0.6665642591979043
774,1,0,48,0.3666666666666667,0,0,157,0.9541902758036047,-1.8274613318434025,1.0299567622253682
775,0,0,39,0.31333333333333346,1,1,123,0.13073560735922413,-1.2996425950660206,0.3219708901819885
776,2,1,13,0.19333333333333336,3,0,118,-0.2902253388867709,1.428790609793887,0.2567320595114773
777,2,1,97,0.09333333333333371,2,0,141,0.2916226611328382,-0.00367809921312751,0.6352697098765966
778,1,0,74,0.16000000000000014,0,0,171,0.40526110158824874,0.17024095976810488,1.5497059007365892
779,2,1,95,1.0,1,0,167,0.4431916635859107,0.41523307286078986,1.3351777361189376
780,0,0,100,0.6400000000000001,3,1,33,-1.0334998266587256,-1.7674869554529404,-1.1523963281637326
781,2,0,24,0.45333333333333314,0,0,29,-1.434349133559285,1.75653048434882,-1.2758170414017849
782,1,1,54,0.4666666666666668,2,1,13,-1.5012156433301211,-1.1273131572438444,-2.0495942663939903
783,1,1,81,0.06666666666666687,1,1,72,-0.5795675194365363,1.5640974468361428,-0.4586790696940935
784,1,2,80,0.8866666666666667,1,0,109,0.27880290899860316,-1.1273131572438444,0.102057646376773
785,0,0,95,0.9866666666666672,1,1,61,-0.8208487900045609,0.9979296580658614,-0.6435530249586763
786,2,1,7,0.31333333333333346,0,1,77,-0.6646469824347552,0.8469650176893423,-0.3757931145253796
787,2,2,11,0.3333333333333335,0,0,109,0.2669343537961955,-0.5122184505034646,0.102057646376773
788,1,0,15,0.4733333333333336,0,0,86,-0.4916925785505587,0.35413023981248287,-0.2530566113893796
789,1,2,44,0.9933333333333336,2,1,122,1.0342966297918703,0.7743693280266059,0.30866580569493435
790,0,0,2,0.7933333333333339,3,1,180,2.436105832006283,0.27542948459701155,5.19933758270342
791,2,2,63,0.41999999999999993,2,0,49,-1.2811355463487124,-0.575370695308781,-0.8166273608486048
792,0,0,59,0.8200000000000003,1,0,20,-1.530638728008947,-1.3668532866936347,-1.5783809694989037
793,0,0,21,0.8933333333333335,0,1,149,0.924192345687107,-1.2265698968159402,0.8344270065319034
794,0,2,79,0.5066666666666668,2,1,133,0.8476157014703966,-0.7412756531948941,0.501297710767729
795,0,1,87,0.8266666666666671,0,1,20,-1.410739851879173,1.3143447018209249,-1.5783809694989037
796,2,1,51,0.7066666666666666,0,1,103,0.4819733611215159,-1.7244302926085364,0.012660076940314149
797,1,2,80,0.040000000000000036,0,1,80,-0.6283989513319128,0.0647493097611295,-0.3353332195143981
798,2,0,6,0.18666666666666654,1,1,64,-0.5425380221048691,-0.1269230038572841,-0.604585346583237
799,0,2,10,0.05333333333333368,1,0,168,0.2779021330020849,-1.2160603856192356,1.3996566480498198
800,1,2,54,0.7133333333333338,0,1,38,-1.1799382877877072,1.7314213858103646,-1.0517172529984826
801,2,0,1,0.4066666666666672,2,1,83,0.056516581821886396,0.7859423914870779,-0.2954151418352379
802,2,0,12,0.040000000000000036,3,1,11,-1.4685691719920224,1.9240642537076194,-2.3225745319461932
803,0,2,68,0.5733333333333337,3,0,32,-1.351981090035426,-0.7708150075910525,-1.168948844531482
804,2,0,1,0.8000000000000003,0,1,21,-1.3146748506219272,0.9824976382179258,-1.5497059007365892
805,0,1,69,0.4933333333333336,0,1,176,2.443168854037552,-0.20725886678765967,1.9556614355881687
806,2,2,35,0.9333333333333336,3,1,108,0.24757537841523458,0.35413023981248287,0.08873448029941519
807,1,1,1,0.28000000000000025,1,0,62,-0.7446043156166976,-1.2131910665055705,-0.6278092970790504
808,0,0,93,0.040000000000000036,3,1,155,1.7568149017284056,-0.27760247712413455,0.9733840804101449
809,2,1,26,0.4933333333333336,1,1,115,0.08674541384184761,-0.3918757324040192,0.21690442598171078
810,2,2,6,0.30666666666666664,3,0,178,0.8344977494898761,0.6870437518493812,2.1661067528923295
811,2,0,100,0.08000000000000007,0,1,92,0.05097590371608673,0.9758740924549082,-0.16532666916589686
812,0,0,17,0.12666666666666693,2,0,164,1.148416137396064,-1.0225339138678406,1.22064034884735
813,2,0,100,0.5066666666666668,3,0,47,-1.0946068804848736,1.745078070053311,-0.8708457453650698
814,1,1,56,0.766666666666667,1,1,86,-0.36172749230407303,0.8039617315271639,-0.2530566113893796
815,0,1,26,0.046666666666666856,0,0,122,-0.09808628177301927,1.1881757060924198,0.30866580569493435
816,1,1,88,0.9666666666666668,3,1,49,-0.6524052919972814,0.49763217673889565,-0.8166273608486048
817,0,0,48,0.45333333333333314,0,0,167,0.6560129056439961,-0.634336087127533,1.3351777361189376
818,0,1,96,0.666666666666667,2,1,68,-0.3793023363603592,0.24777690590116325,-0.5302197258242277
819,0,1,39,0.7533333333333334,1,0,101,0.3235873658903767,0.35413023981248287,-0.012660076940314008
820,0,2,86,0.19333333333333336,2,1,147,1.59820565219665,0.7496010412442602,0.7647096737863871
821,2,2,63,0.8933333333333335,0,0,16,-1.7255449588613263,1.9751202706070516,-1.7460165226992128
822,0,1,4,0.8933333333333335,2,0,122,0.19045314424314197,-0.29261106268516296,0.30866580569493435
823,1,2,59,0.6400000000000001,1,0,110,-0.22996752446776078,1.7940371281991432,0.11630930996408616
824,0,2,100,0.56,1,1,78,0.057815048134498476,0.8923029185288697,-0.36224130284473643
825,1,0,7,0.33999999999999986,3,0,105,-0.31772067249396957,0.5576796760090812,0.0379883512302825
826,0,0,63,0.24666666666666703,1,1,170,1.7864738911131024,0.6395923660209901,1.5089438550380385
827,2,2,75,0.2533333333333334,1,1,26,-1.2289157383268465,-1.5238500825958636,-1.3533210751663085
828,1,2,6,0.33999999999999986,0,1,158,1.7978750893631632,0.6124246275201015,1.0517172529984828
829,1,0,54,0.3533333333333335,0,1,168,1.1790720537688968,-1.0733642950557747,1.3996566480498198
830,2,0,84,0.6466666666666665,3,0,139,1.2395722767774655,-0.8383233631606771,0.5894557978497786
831,1,0,18,0.5266666666666668,1,0,26,-1.4553451332303158,-1.2462089961953295,-1.3533210751663085
832,1,0,99,0.6933333333333334,0,1,155,1.6745963713526997,-0.3022071155177017,0.9733840804101449
833,2,2,54,0.6466666666666665,1,1,140,0.39510506148614755,-1.2059544986322495,0.6045853465832371
834,1,2,59,0.6266666666666669,3,1,75,-0.43511410358819474,-1.0941391678566914,-0.4168779579954071
835,1,2,13,0.42666666666666675,2,1,36,-0.9561386830453903,0.7947678553558875,-1.0968035620935135
836,1,0,78,0.33999999999999986,1,0,109,-0.3633840514991358,1.4928135266431541,0.102057646376773
837,0,2,33,0.48666666666666725,2,1,85,0.0766166743882435,-1.0100670685580748,-0.2690661378543141
838,2,0,52,0.6799999999999997,3,0,92,-0.7573299192701679,0.5576796760090812,-0.16532666916589686
839,0,2,89,0.10666666666666691,1,0,93,-0.20630218905552647,-1.3691375391960299,-0.15250597424624424
840,2,1,34,0.41999999999999993,1,1,99,-0.0999267854353866,1.4569740850804402,-0.05066061676587643
841,2,1,60,0.24666666666666703,3,1,79,-0.42394046990169965,-0.8789109201677369,-0.3487556955170447
842,2,1,38,0.8533333333333335,0,1,144,0.39868700332669366,-1.0691272707238173,0.6985257103450605
843,2,0,78,0.020000000000000018,1,0,153,1.1353598345243596,1.496105899047125,0.9277536853574254
844,1,0,24,0.6799999999999997,1,1,150,0.6184189076661077,-0.939301136984496,0.8524950342746943
845,2,2,91,0.6600000000000001,3,0,77,-0.6721982450513094,-0.95835090625037,-0.3757931145253796
846,2,0,60,0.06666666666666687,2,1,104,-0.3225050921657337,0.7041572845508952,0.025322183413346442
847,2,2,61,0.2666666666666666,1,1,172,1.0893450341090987,0.6715259315962625,1.6399762701332197
848,2,1,55,0.7333333333333334,2,0,100,0.04751596909912433,0.803492932048623,-0.037988351230282213
849,1,0,38,0.3733333333333331,2,0,141,0.9155506929243727,-1.200262704232153,0.6352697098765966
850,2,1,97,0.8533333333333335,1,1,137,0.5346788464506264,-0.07874833324100425,0.5631696007650334
851,2,1,68,0.6000000000000005,3,1,88,-0.4621045216712287,0.31555175696568677,-0.21690442598171064
852,2,1,74,0.3666666666666667,1,0,25,-1.5157629447383094,-0.32487625789903946,-1.3761195610719854
853,2,0,62,0.30000000000000027,2,1,135,1.467288532946,1.5274588243530178,0.5370315931394972
854,2,0,37,0.8333333333333335,3,0,76,-0.42540240920454153,-0.12491867834696518,-0.40310812065628554
855,0,1,97,0.006666666666666821,2,0,100,0.12438031895748661,0.25475995318912353,-0.037988351230282213
856,1,2,16,0.6400000000000001,1,1,86,-0.4962057953870105,-0.41434590922374503,-0.2530566113893796
857,1,0,8,0.666666666666667,1,0,46,-0.9622296972138353,0.040779754980842436,-0.8894945075306337
858,2,1,85,0.3999999999999999,3,1,92,-0.11082946058647847,1.1389552680785497,-0.16532666916589686
859,2,1,89,0.06666666666666687,2,1,120,0.9777305414229339,-0.8293345613155951,0.2783435307834997
860,0,2,31,0.30666666666666664,3,1,122,0.12228645062976326,-0.29261106268516296,0.30866580569493435
861,1,1,68,0.10000000000000009,0,1,66,-0.5933350734288056,1.1293392988300797,-0.5744599931693578
862,2,0,46,0.22666666666666657,2,0,103,0.13397587198824243,0.4614505427856546,0.012660076940314149
863,1,2,67,0.7266666666666666,2,1,153,1.9392912484613058,1.1720581200380662,0.9277536853574254
864,1,2,100,0.9333333333333336,3,1,94,-0.4439395169250848,0.7947678553558875,-0.13971029888186198
865,1,1,92,0.8133333333333335,2,0,32,-1.4691545535983166,1.1561469141637322,-1.168948844531482
866,1,2,24,0.5800000000000001,0,0,50,-0.9357098237425758,-1.114254250258741,-0.7990827621351786
867,2,0,42,0.9333333333333336,3,1,167,2.086864676718587,1.210681892387978,1.3351777361189376
868,1,0,27,0.5066666666666668,0,0,143,0.7481177909395366,-0.7708150075910525,0.6824578366693302
869,2,0,37,0.5333333333333332,3,1,103,0.5985270960076826,0.13109447442124467,0.012660076940314149
870,1,2,30,0.5800000000000001,0,1,84,-0.10415737079810364,-0.9063735404914204,-0.28221614706250797
871,0,1,56,0.8933333333333335,1,1,144,0.8939615159674504,0.13468798917696076,0.6985257103450605
872,0,1,48,0.43333333333333357,2,0,29,-1.3810106468516439,-1.8430347185621327,-1.2758170414017849
873,1,0,85,0.5733333333333337,3,0,169,0.7960083420948755,-0.6584275498976099,1.4705452438880635
874,0,1,18,0.5200000000000005,1,1,123,0.41635363786177637,0.35413023981248287,0.3219708901819885
875,2,2,36,0.6733333333333333,1,1,10,-1.5492519534870657,-0.07064604795673642,-5.199337582605575
876,1,1,59,0.5066666666666668,0,0,13,-1.8064750401829295,1.933976975090937,-2.0495942663939903
877,2,2,64,0.6333333333333337,0,0,147,0.8695861391735887,0.2012096065003581,0.7647096737863871
878,2,1,75,0.7066666666666666,1,1,111,-0.20902587056777988,-0.08432384521888846,0.13971029888186212
879,2,2,49,0.9199999999999999,3,1,35,-1.0299288772449475,0.5576796760090812,-1.1202053547494892
880,2,2,13,0.4666666666666668,3,1,65,-0.6976788736582566,-1.5597781088479796,-0.5894557978497783
881,2,0,8,0.54,3,0,92,-0.016690606948830032,0.4864773332376705,-0.16532666916589686
882,1,1,82,0.28000000000000025,1,1,177,1.7737002309411687,1.8706710482850442,2.049594266393992
883,2,2,26,0.30000000000000027,3,1,114,0.505008275005026,-0.5049235180691848,0.19105200614617424
884,1,2,21,0.206666666666667,1,0,12,-1.7714735884441053,1.4208163128472304,-2.166106752892329
885,1,2,53,0.6400000000000001,3,1,127,0.1685358062210906,-0.8789109201677369,0.37997670947888895
886,0,0,17,0.6000000000000005,2,0,141,0.2739783102776575,-0.7458218361983279,0.6352697098765966
887,0,1,18,0.4400000000000004,2,1,45,-1.1053793667710021,-0.11450500077115398,-0.9084578685373851
888,2,2,90,0.14000000000000012,2,1,151,1.1029246263171761,0.18845480492946137,0.8708457453650702
889,1,2,24,0.3266666666666671,0,1,161,1.7905353744307886,-0.8032789543453902,1.1202053547494892
890,0,2,53,0.30666666666666664,1,1,126,0.9104151495997338,-0.7274818342974665,0.36359345331540416
891,2,2,55,0.3866666666666667,0,1,137,0.7563538732440291,0.5576796760090812,0.5631696007650334
892,1,1,3,0.8866666666666667,3,1,62,-0.3963699384303257,-0.34582975503708285,-0.6278092970790504
893,2,2,96,0.7733333333333334,2,1,48,-1.011585825441999,-1.0518965237640365,-0.8344270065319033
894,1,1,35,0.8666666666666667,1,1,160,0.5121440048589451,0.7597645119902628,1.0968035620935135
895,0,1,68,0.2333333333333334,0,0,74,-0.8125740350778986,1.4102372356260824,-0.43072729929545744
896,2,0,76,0.31333333333333346,2,1,70,-0.5696197623806594,-0.23648669740438513,-0.48699393885129033
897,1,0,49,0.5466666666666669,0,0,113,-0.3261600828865713,-1.9753661006086887,0.1781745977224104
898,0,1,22,0.6133333333333333,2,0,151,1.4719211359940991,0.24522588979254897,0.8708457453650702
899,2,2,89,0.8266666666666671,0,0,107,0.061002909631132446,0.35413023981248287,0.06877848354552202
900,0,2,4,0.8466666666666667,2,1,115,0.9911710387781101,0.6817052207970554,0.21690442598171078
901,0,2,57,0.9733333333333336,3,1,70,-0.7682169143229296,-1.106285361789525,-0.48699393885129033
902,0,2,71,0.6400000000000001,1,1,55,-0.7202517346237729,0.5706213570153168,-0.7209186037996784
903,1,1,62,0.033333333333333215,0,0,117,-0.4031494806203413,0.6715259315962625,0.24827509310711635
904,2,1,97,0.2666666666666666,1,0,179,2.2549390947623786,-0.08839513591358766,2.3225745319461946
905,2,1,12,0.9666666666666668,1,1,133,1.0228905295064323,1.0012089363671184,0.501297710767729
906,0,2,31,0.28000000000000025,0,1,110,-0.1775613963357095,-0.8789109201677369,0.11630930996408616
907,2,0,3,0.2200000000000002,1,1,69,-0.6604916291488924,0.07879033812000133,-0.5157047936930385
908,1,1,39,0.6733333333333333,2,1,55,-0.4984034799501112,0.09747011354735112,-0.7209186037996784
909,1,1,43,0.16000000000000014,1,1,25,-1.2159420441062792,0.8381438517559261,-1.3761195610719854
910,2,1,59,0.3266666666666671,3,1,45,-0.6985623161218295,-0.9117442109603354,-0.9084578685373851
911,2,0,24,0.39333333333333353,2,1,97,0.31062563167389823,-0.03429597935757779,-0.08873448029941505
912,1,1,48,0.9133333333333336,3,0,81,-0.8152716513401016,1.5954560447147308,-0.3219708901819884
913,1,1,24,0.4600000000000004,2,0,102,-0.030868200965076104,-1.304404326771893,0.0
914,0,2,44,0.8999999999999999,1,0,110,-0.08350684487679604,-0.5337617738380911,0.11630930996408616
915,2,1,80,0.5133333333333332,0,0,134,0.3686889443780777,0.1773991383000511,0.5157047936930386
916,1,1,82,0.6600000000000001,2,1,46,-0.7610154854343467,0.9611943982136989,-0.8894945075306337
917,0,0,97,0.5133333333333332,0,1,37,-1.1419050497991017,0.22249168076878964,-1.0739875026403314
918,1,0,55,0.8066666666666666,1,0,173,2.108445606281638,0.2138125446235798,1.6906216295848986
919,2,2,54,0.39333333333333353,2,0,161,0.5036766983034068,0.5409297486933031,1.1202053547494892
920,2,0,43,0.21333333333333337,3,0,86,-0.7430352312917505,-1.2547766547883492,-0.2530566113893796
921,2,1,71,0.6466666666666665,1,0,31,-1.434788278950563,1.7225600883849448,-1.2206403488473496
922,2,2,68,0.8466666666666667,3,0,15,-1.7863661351254712,0.9987766432470195,-1.876358561894595
923,2,0,75,0.6600000000000001,3,0,177,2.076892086069095,0.0647493097611295,2.049594266393992
924,2,2,0,0.5066666666666668,1,0,82,-0.46850049536287847,-0.5954698870950422,-0.308665805694934
925,2,1,55,0.5133333333333332,2,1,50,-0.8362991427127763,-0.2618047544446245,-0.7990827621351786
926,0,2,80,0.8533333333333335,2,0,11,-1.7808176244010723,0.35413023981248287,-2.3225745319461932
927,0,2,5,0.6266666666666669,2,1,129,0.5307213915938405,0.14480573814675535,0.4307272992954577
928,2,2,45,0.9933333333333336,0,0,159,0.72793022457221,0.5461981010119787,1.073987502640332
929,1,1,79,0.5333333333333332,3,0,24,-1.482820864469395,-0.03429597935757779,-1.3996566480498192
930,0,0,64,0.08000000000000007,3,0,169,1.9385858888709357,0.18273653221290337,1.4705452438880635
931,2,2,95,0.3200000000000003,3,1,100,0.4495783854208239,1.3310546119597768,-0.037988351230282213
932,2,2,94,0.6799999999999997,2,0,34,-1.3378266531915364,-0.9197261665160107,-1.1361536714782252
933,2,1,57,0.3733333333333331,1,1,139,1.2151622740798422,-0.23648669740438513,0.5894557978497786
934,2,1,68,0.8933333333333335,2,1,144,0.352903692845312,-1.5344388187927782,0.6985257103450605
935,0,2,54,0.27333333333333343,3,1,148,0.7678095744296326,-0.42609693896138795,0.799082762135179
936,2,2,9,0.48666666666666725,1,1,89,0.1335389317110249,0.5007210305283301,-0.20396117575131423
937,2,2,27,0.41333333333333355,0,1,68,-0.29221154365647667,1.0500508212666295,-0.5302197258242277
938,0,1,42,0.9133333333333336,0,1,109,-0.22301846326569183,1.6307142079584154,0.102057646376773
939,0,2,6,0.6933333333333334,2,1,162,1.9822719926155503,0.5345663893263252,1.1689488445314824
940,1,0,92,0.4066666666666672,0,0,73,-0.5256529302425654,-1.9132237025083643,-0.44465975598867175
941,0,1,34,0.7133333333333338,1,1,113,0.4806077877086803,0.5822231937569915,0.1781745977224104
942,0,1,24,0.4666666666666668,0,0,147,0.858404876059732,0.35413023981248287,0.7647096737863871
943,1,2,22,0.006666666666666821,3,1,37,-1.225694774994375,-0.8789109201677369,-1.0739875026403314
944,1,2,38,0.8800000000000003,3,1,155,1.0822059343063226,-0.11450500077115398,0.9733840804101449
945,0,1,41,0.7133333333333338,2,0,76,-0.838001406839212,-0.1973354938814488,-0.40310812065628554
946,1,0,48,0.9466666666666668,2,1,20,-1.2975911814227024,1.8771570857442705,-1.5783809694989037
947,2,1,13,0.39333333333333353,0,0,117,-0.2753150792859266,-1.733186369397199,0.24827509310711635
948,1,1,37,0.006666666666666821,2,1,32,-1.0686642844916296,1.5618409942866889,-1.168948844531482
949,2,2,56,0.33999999999999986,3,1,95,0.4421302435600367,-0.9431524206927162,-0.11418529432142824
950,1,0,88,0.11333333333333329,3,1,50,-0.9230093156235426,-0.07064604795673642,-0.7990827621351786
951,1,1,28,0.27333333333333343,1,0,105,-0.48862953132088566,-0.7899151443525342,0.0379883512302825
952,0,2,7,0.8333333333333335,0,1,140,0.2194175547732868,-1.1956687460867297,0.6045853465832371
953,0,1,6,0.7533333333333334,0,0,38,-1.2744666394086075,-1.353105184801814,-1.0517172529984826
954,0,0,65,0.05333333333333368,3,1,89,0.03208154025457545,-0.575370695308781,-0.20396117575131423
955,2,2,2,0.8066666666666666,2,1,28,-1.1250039570946042,-1.6556007913602426,-1.3024548499458037
956,0,0,33,0.08666666666666689,2,0,166,0.7516819774689572,-0.20725886678765967,1.3035115013095302
957,2,1,0,0.30000000000000027,0,0,97,-0.3414001307930774,-0.7158057404718062,-0.08873448029941505
958,0,0,34,0.8533333333333335,2,0,66,-0.7131957737686541,-0.14389058141374686,-0.5744599931693578
959,0,1,26,0.98,2,0,170,1.0138841428595577,0.14480573814675535,1.5089438550380385
960,2,1,27,0.7933333333333339,2,0,129,0.5052639137443726,1.0335082750673146,0.4307272992954577
961,1,2,15,0.5200000000000005,3,0,73,-0.24092825853469266,-0.9223672898992207,-0.44465975598867175
962,0,1,92,0.5133333333333332,3,1,99,-0.2160156849505452,0.42547449666893045,-0.05066061676587643
963,2,2,72,0.7599999999999998,3,1,109,0.45215634230452234,0.7525712458478632,0.102057646376773
964,0,2,25,0.5066666666666668,3,0,180,0.9639080311771279,-0.8789109201677369,5.19933758270342
965,0,1,30,0.4066666666666672,0,1,89,-0.48886974816071205,0.94052003243046,-0.20396117575131423
966,2,0,67,0.2400000000000002,2,0,98,-0.4498832027456588,-0.5888208094858355,-0.06334102325685856
967,2,1,20,0.06000000000000005,1,1,138,1.573364024482197,1.4824330627974718,0.5744599931693581
968,1,1,4,0.9199999999999999,1,1,109,0.3395427356916465,0.1924992108130931,0.102057646376773
969,1,0,71,0.2200000000000002,2,1,51,-0.6643798391476055,-0.36053297113710303,-0.7817807527650722
970,2,0,96,0.31333333333333346,0,1,165,0.6453968493474329,-0.5926264243101261,1.2710701213098332
971,1,2,94,0.6266666666666669,3,0,74,-0.43295899723837267,1.8406581566582354,-0.43072729929545744
972,2,0,51,0.5133333333333332,3,1,138,0.46271593912797665,-1.3081831006775053,0.5744599931693581
973,2,0,72,0.6400000000000001,1,0,169,1.2371799600269622,-0.3499685188623182,1.4705452438880635
974,0,0,48,0.5200000000000005,1,1,175,0.6954873019405409,-0.22757892748325778,1.8763585618945953
975,1,0,48,0.5866666666666669,0,0,24,-1.5915005600545684,0.823551052555133,-1.3996566480498192
976,2,2,52,0.7400000000000002,0,0,29,-1.3165028725368548,1.363205994352543,-1.2758170414017849
977,2,2,91,0.5200000000000005,3,0,95,-0.28097292726327894,0.8901838797198145,-0.11418529432142824
978,2,0,26,0.08000000000000007,2,0,81,-0.8814560120967775,-0.8085609008773,-0.3219708901819884
979,0,2,29,0.48,3,0,99,-0.3622184260686636,-0.2755151108484827,-0.05066061676587643
980,2,2,97,0.6200000000000001,3,0,177,0.5840919804856124,-1.6016899788553725,2.049594266393992
981,0,0,6,0.17333333333333334,1,0,28,-1.545810340507977,-1.994992673657795,-1.3024548499458037
982,0,0,3,0.5466666666666669,3,1,116,0.7545097323462517,-0.010307295605245535,0.23595445309678026
983,0,1,5,0.8733333333333331,3,1,178,1.0096602744079115,-1.200262704232153,2.1661067528923295
984,2,2,54,0.8066666666666666,3,1,149,0.7698309754926037,-1.1198846218256906,0.8344270065319034
985,0,1,14,0.4600000000000004,2,0,174,1.5712496520684396,0.35413023981248287,1.7460165226992137
986,0,0,11,0.09333333333333371,3,1,130,1.0729198483191968,-1.8579155945917845,0.4586790696940937
987,0,1,92,0.20000000000000018,1,1,67,-0.47419145960954223,0.15225203276301036,-0.5448472393466709
988,0,2,67,0.8000000000000003,0,0,15,-1.634293616660624,-0.22283253950827736,-1.876358561894595
989,2,0,35,0.8066666666666666,2,0,114,-0.4451047633432254,-0.5271869528241536,0.19105200614617424
990,0,0,88,0.7266666666666666,1,0,42,-1.2031970284996296,1.3000329952473004,-0.9878373274485251
991,1,0,79,0.0,0,0,130,0.9607765874569005,-0.864786410466567,0.4586790696940937
992,1,2,2,0.206666666666667,1,1,160,1.3901975529578599,0.3180071921123327,1.0968035620935135
993,2,0,58,0.48,1,0,156,0.6534762456018424,-0.02502594730062364,1.0008089290180355
994,1,1,87,0.8733333333333331,1,1,17,-1.3552288349459094,0.001875107067334953,-1.6906216295848977
995,2,0,24,0.4733333333333336,2,1,11,-1.502755014585061,1.1984142212605866,-2.3225745319461932
996,2,1,92,0.7000000000000002,2,1,94,0.27612498854789874,-0.3844009840954842,-0.13971029888186198
997,1,0,80,0.41999999999999993,3,1,40,-1.1500687813757784,-1.5166393808928758,-1.015716707115957
998,1,1,78,0.08666666666666689,3,1,58,-0.4993317747009537,0.39684017582748016,-0.6877940372453101
999,0,0,14,0.4733333333333336,0,0,147,1.5105030357623832,1.6340559055522272,0.7647096737863871
