,Number_of_Riders,Number_of_Drivers,Location_Category,Customer_Loyalty_Status,Number_of_Past_Rides,Average_Ratings,Time_of_Booking,Vehicle_Type,Expected_Ride_Duration,Historical_Cost_of_Ride
0,90,45,2,2,13,4.47,3,1,90,284.257273
1,58,39,1,2,72,4.06,1,0,43,173.8747527
2,42,31,0,2,0,3.99,0,1,76,329.795469
3,89,28,0,1,67,4.31,0,1,134,470.2012318
4,78,22,0,1,74,3.77,0,0,149,579.6814224
5,59,35,2,2,83,3.51,3,0,128,339.9553606
6,93,43,1,1,44,4.41,0,1,16,104.0615413
7,62,39,0,0,83,3.59,0,1,47,235.8118636
8,79,14,0,2,71,3.74,1,0,128,501.4125175
9,42,6,0,2,21,3.85,3,1,128,398.9933646
10,86,17,2,1,99,4.69,2,0,167,669.2986265
11,60,38,0,0,15,4.14,1,1,144,414.9901047
12,24,8,0,0,50,4.12,2,0,164,490.4107217
13,36,24,1,2,88,4.22,3,1,83,296.242876
14,63,13,0,1,74,4.95,0,1,102,327.0888649
15,39,12,2,2,30,4.51,0,1,140,445.1368684
16,38,28,0,2,35,3.93,0,1,54,244.5361718
17,46,14,1,2,21,4.71,0,0,15,47.31430863
18,33,7,1,0,49,4.31,1,1,22,129.8082629
19,31,7,1,2,24,4.82,1,1,87,382.9481103
20,96,45,2,1,6,4.95,0,1,11,82.77279318
21,22,11,1,2,79,4.48,3,0,15,64.07117256
22,74,16,0,1,6,3.97,2,0,139,390.6687658
23,24,12,2,1,10,3.6,1,1,45,212.166525
24,48,19,1,0,72,3.81,3,1,65,235.6581337
25,56,13,0,1,36,4.81,1,0,162,406.5574981
26,72,33,0,0,66,4.39,2,1,30,182.4744271
27,97,75,2,2,76,4.7,3,0,158,652.6172973
28,62,33,1,1,39,3.91,1,1,129,403.2270984
29,57,38,1,2,54,4.1,3,1,131,537.7848595
30,25,7,1,2,13,3.99,2,1,81,286.1314526
31,75,56,1,0,94,4.79,1,1,153,485.0546633
32,39,9,2,0,39,4.64,0,1,48,171.0859835
33,35,24,1,0,73,3.76,1,1,105,485.8784537
34,68,32,1,1,34,3.58,2,0,77,294.7328865
35,96,43,0,2,97,3.68,2,1,91,392.8387204
36,28,11,1,0,52,4.33,0,1,94,456.1809468
37,25,15,0,0,65,4.88,1,1,101,502.5293208
38,28,6,1,1,2,4.29,2,0,89,244.2176617
39,73,17,0,1,14,4.81,1,1,170,634.7265312
40,36,18,2,2,88,3.73,3,1,92,345.4067683
41,56,10,2,2,55,4.5,3,0,45,151.1521296
42,97,81,1,1,52,4.56,1,0,125,530.7599939
43,63,9,0,1,89,3.87,0,1,166,482.8501642
44,78,33,2,2,35,4.46,2,1,116,355.9595075
45,29,10,1,1,25,3.77,0,0,91,303.9609626
46,73,33,1,2,60,3.88,3,1,161,514.8771742
47,94,29,2,1,67,3.59,1,1,96,361.132355
48,54,28,1,2,83,4.49,3,0,32,80.26246462
49,67,6,0,0,15,3.53,3,0,123,420.6239113
50,23,8,2,2,27,4.73,0,0,117,520.8926706
51,70,14,2,2,16,4.3,2,0,53,183.075791
52,20,10,0,2,70,4.92,1,0,65,190.1374636
53,95,84,1,0,18,3.86,0,1,112,522.3021029
54,43,16,2,2,40,4.89,3,1,106,410.6863449
55,97,55,1,2,94,4.62,1,1,150,584.9958711
56,32,20,0,2,44,3.55,3,0,68,301.6226264
57,95,25,1,1,72,4.16,2,1,128,413.587084
58,47,15,2,0,14,4.84,3,0,89,273.1181046
59,25,11,0,2,33,3.85,3,0,94,247.1745627
60,37,22,0,1,76,4.72,0,0,69,213.4432508
61,59,39,1,0,49,3.78,2,1,98,295.7943802
62,42,20,2,2,88,4.64,3,1,29,145.0698092
63,53,11,0,1,2,3.5,0,1,81,297.0186264
64,79,64,0,1,91,4.57,3,0,164,666.6870291
65,59,23,2,0,41,4.97,1,1,91,449.5456339
66,40,29,2,1,72,4.3,0,0,147,624.98601
67,76,40,1,2,77,4.17,2,0,28,96.03520852
68,41,26,2,1,96,3.91,3,0,169,637.7593916
69,83,14,2,1,80,4.77,3,1,64,295.588711
70,44,17,0,1,15,4.0,1,0,98,353.3385451
71,91,73,2,0,61,4.39,3,0,15,62.25429042
72,54,16,1,1,8,4.5,0,1,67,266.0685899
73,59,37,0,2,86,4.67,3,1,95,340.1282671
74,72,43,1,0,28,4.87,0,0,132,443.2581554
75,47,9,0,0,49,4.44,1,0,96,265.0552744
76,32,22,0,2,49,4.65,3,0,60,221.4343855
77,45,13,0,1,96,4.84,3,0,112,393.2308288
78,72,45,2,2,82,4.42,3,1,40,151.5804041
79,56,15,2,0,34,4.72,3,1,78,313.9950046
80,42,22,0,2,67,3.81,0,1,82,366.1515261
81,52,14,1,2,87,3.54,0,1,98,425.9735688
82,81,23,2,0,39,4.3,1,0,143,359.053128
83,77,25,0,1,70,4.27,0,1,52,260.3441798
84,27,6,2,0,2,4.42,3,0,86,320.3017092
85,74,34,0,1,18,4.66,2,1,140,454.4921215
86,92,69,2,2,88,4.69,0,0,18,45.1150237
87,77,34,0,0,33,4.13,3,1,48,223.6621143
88,66,6,0,1,23,4.2,1,0,45,173.1577543
89,77,39,2,1,23,4.29,2,0,167,592.2404996
90,35,16,2,1,31,4.75,0,1,113,379.3078104
91,48,38,0,0,40,3.7,1,1,80,360.7111703
92,61,18,0,0,84,3.93,1,1,58,203.4926184
93,71,21,1,2,82,4.88,0,1,126,553.5451308
94,95,7,0,0,40,4.68,1,0,95,283.4664425
95,76,44,1,0,20,3.56,0,1,105,435.1453451
96,32,13,1,1,21,4.64,0,0,156,685.7681265
97,49,30,0,2,57,4.83,1,0,154,630.8608869
98,38,17,2,2,92,4.41,0,1,138,546.1568748
99,92,35,1,1,46,4.72,2,0,45,115.3570025
100,40,29,1,2,26,4.26,3,0,152,404.0498951
101,55,42,1,2,24,4.49,0,0,45,156.0383299
102,58,34,0,0,19,4.55,2,1,131,501.2629551
103,34,5,2,1,26,4.85,1,1,152,562.4369765
104,70,47,1,2,3,3.66,2,1,53,216.8024751
105,51,24,0,0,25,4.68,0,1,16,120.0906902
106,88,56,0,1,11,4.36,0,0,60,221.1576533
107,25,8,1,2,83,3.53,1,0,121,492.7012709
108,34,19,0,1,51,4.2,3,1,166,754.23448
109,40,15,2,1,90,3.62,3,1,42,211.5277288
110,26,7,1,0,58,4.91,0,0,161,460.7592754
111,81,42,1,1,88,4.14,0,0,47,164.1074735
112,80,56,1,0,63,4.57,3,1,43,213.696213
113,64,19,0,0,86,4.68,3,1,171,732.9893961
114,45,18,0,0,68,4.07,2,0,136,350.6012026
115,84,49,2,1,32,4.25,3,1,53,192.8798062
116,34,16,2,2,47,4.12,1,0,93,294.1158059
117,67,32,1,1,40,4.47,0,1,13,82.52418775
118,93,23,1,2,34,4.23,1,1,125,386.1690694
119,100,51,2,2,56,3.58,3,0,89,310.9003273
120,35,22,1,0,15,4.23,2,1,120,373.9628407
121,36,13,0,2,31,4.71,3,0,71,221.5511001
122,28,18,1,1,100,3.7,0,0,127,531.112701
123,21,9,2,0,10,3.88,2,1,108,324.9426389
124,26,15,2,1,35,5.0,2,1,161,493.4068923
125,97,21,1,1,59,3.87,1,1,174,778.633356
126,26,15,2,2,10,3.71,2,1,171,720.1572086
127,91,56,2,0,17,4.66,3,0,10,38.23523524
128,65,48,0,2,12,4.37,0,1,140,573.5891065
129,88,28,2,0,22,4.99,3,1,154,682.016247
130,82,13,1,0,32,3.58,3,0,148,516.4367273
131,65,40,2,2,48,3.59,1,0,121,492.5196024
132,41,6,2,2,56,4.32,3,0,11,49.234784
133,85,36,0,2,64,4.32,1,0,152,506.6928861
134,35,13,0,2,80,3.8,0,0,93,304.3133395
135,83,29,2,2,78,4.42,0,1,23,111.1793412
136,91,31,2,1,12,4.39,3,0,39,163.2145833
137,44,28,0,1,31,4.92,3,1,132,402.8569895
138,96,12,1,0,15,4.97,3,0,90,289.2351909
139,77,46,1,1,97,4.2,0,1,25,150.5392948
140,91,80,0,0,74,4.74,3,0,46,194.9355593
141,93,42,0,2,75,4.66,2,0,160,674.6485036
142,41,9,0,2,73,3.51,2,0,150,551.557234
143,61,44,1,1,69,4.54,0,0,52,132.2147646
144,83,10,2,0,28,3.91,0,0,23,70.11182411
145,59,22,0,1,79,4.38,2,1,93,346.2847096
146,42,31,1,0,62,4.95,3,1,13,102.0447303
147,81,16,1,1,73,4.89,3,0,125,494.1401793
148,72,19,0,0,89,4.74,2,1,45,183.6583147
149,43,9,0,2,2,4.12,2,0,126,436.5576476
150,74,33,2,2,82,4.13,0,0,10,31.36208132
151,68,45,0,2,65,4.19,1,0,112,323.4791093
152,36,13,2,2,84,4.88,1,1,140,505.3840569
153,51,5,2,0,0,4.59,0,1,92,320.8576216
154,63,23,2,2,48,4.09,1,0,49,214.5660524
155,96,29,2,1,84,3.65,3,0,176,758.5015334
156,94,59,1,1,84,4.38,2,1,175,665.7295341
157,74,32,1,1,2,4.7,1,1,38,171.0663629
158,91,13,0,2,32,3.6,2,1,160,647.3526381
159,69,12,1,1,42,4.34,0,1,158,608.12824
160,51,20,0,2,57,3.68,3,0,67,246.9229249
161,45,17,0,0,10,4.93,3,1,148,430.0665305
162,92,34,1,1,98,3.99,3,0,140,396.6387527
163,69,36,1,0,55,4.74,2,0,109,436.0114486
164,56,14,1,2,30,3.67,3,0,48,202.9454569
165,43,26,0,1,59,4.91,0,0,175,731.7816872
166,86,48,2,2,37,4.15,3,0,84,216.0505481
167,61,34,2,0,82,3.99,3,1,10,83.8683562
168,50,36,1,0,18,4.61,3,0,145,572.2420493
169,73,34,2,1,95,4.31,2,1,21,118.8070474
170,76,7,2,0,76,4.35,2,0,72,245.8935712
171,87,41,2,1,87,4.36,3,0,87,387.1117403
172,53,33,0,1,40,3.8,2,1,139,507.9505747
173,71,8,1,2,57,3.68,3,0,75,249.3029746
174,32,5,0,0,80,3.55,3,0,14,45.91711193
175,91,30,1,0,34,3.69,0,0,96,424.6120578
176,47,37,1,0,64,3.75,2,0,31,85.9735753
177,23,13,0,2,42,4.55,3,0,87,328.9669926
178,57,20,0,1,92,3.74,2,0,53,172.6294341
179,48,17,1,2,2,4.09,1,0,85,261.9435329
180,22,5,2,0,39,4.92,1,0,56,199.0416803
181,60,19,2,2,37,4.22,1,0,68,232.2834549
182,94,42,0,1,0,4.23,2,1,36,185.3118381
183,43,6,1,2,34,4.4,2,1,24,153.7614397
184,97,18,1,1,53,4.25,3,1,26,126.4771353
185,47,17,0,2,7,4.8,2,0,173,609.5038276
186,39,28,2,2,72,3.76,0,1,87,287.1624376
187,50,39,1,1,94,3.81,1,1,139,406.3248065
188,35,17,2,1,78,4.4,1,1,61,249.0371127
189,28,8,1,1,69,3.86,1,1,175,620.9016916
190,51,32,0,1,98,4.44,2,1,51,267.0607017
191,54,12,1,2,84,4.98,1,1,172,715.7547931
192,65,10,2,1,77,4.36,0,0,170,430.3854879
193,61,26,0,0,21,3.85,2,1,126,604.273047
194,46,9,1,2,67,4.22,1,1,47,243.5250632
195,73,50,2,1,7,4.22,3,0,45,176.2144067
196,86,49,2,1,99,3.51,3,0,130,471.4796321
197,75,7,1,0,100,4.13,2,0,134,453.3769494
198,39,29,1,2,12,4.24,1,0,97,251.1073065
199,33,6,0,0,90,4.81,3,1,139,521.8019208
200,40,29,1,2,6,4.94,3,1,71,346.4926515
201,54,35,1,2,66,4.4,3,0,77,234.0714535
202,53,26,2,0,54,4.6,3,1,52,184.0244513
203,81,34,2,2,98,3.55,0,1,164,554.8869659
204,45,20,2,1,80,4.73,2,0,63,192.6197724
205,20,9,2,2,77,3.91,1,0,89,227.7965248
206,47,22,0,2,11,4.8,0,1,119,416.601649
207,33,18,2,0,90,3.61,1,1,146,671.7128294
208,78,57,0,2,5,4.82,2,1,127,552.6397714
209,26,12,0,2,9,3.75,0,0,115,321.3724051
210,62,21,0,1,61,4.57,3,0,56,215.4338699
211,84,59,1,2,67,4.27,2,1,164,758.9961232
212,49,8,2,1,1,4.06,0,1,157,694.4247149
213,34,22,1,0,34,3.64,2,0,176,617.3632185
214,49,30,0,2,86,3.62,0,1,69,328.635369
215,83,50,0,1,7,3.66,1,1,100,376.3000601
216,88,5,2,2,89,3.59,3,0,27,70.20380337
217,90,71,1,0,88,3.84,2,0,167,451.684865
218,65,5,0,2,24,3.54,3,0,119,301.4039268
219,73,28,2,2,22,4.57,0,0,53,153.3960711
220,85,62,1,2,54,3.78,2,0,114,339.6623042
221,65,27,0,0,62,3.54,3,1,162,733.4425367
222,74,42,2,0,88,3.5,1,0,77,203.836381
223,41,7,0,0,68,4.3,1,1,66,284.5088586
224,79,23,2,0,88,3.88,3,0,164,492.1134584
225,53,7,2,2,64,4.55,3,1,10,86.19117981
226,35,14,2,2,74,5.0,3,1,175,727.8809448
227,53,40,0,0,79,3.66,1,1,30,158.6526416
228,36,23,2,2,42,4.66,2,0,14,44.52503661
229,38,25,2,1,2,4.24,2,1,128,452.4258269
230,52,36,0,2,1,4.52,2,1,36,152.6404792
231,91,64,1,1,26,4.56,2,1,96,420.2245689
232,87,5,2,2,59,4.32,3,0,42,151.3593007
233,96,20,1,0,88,3.6,1,1,71,242.2719657
234,83,59,2,0,8,4.85,2,0,31,119.0485544
235,48,23,0,0,0,4.46,0,0,174,472.5695408
236,65,19,1,2,24,4.59,1,0,96,334.6493506
237,79,29,1,2,0,4.86,2,0,127,406.0855257
238,100,22,1,2,45,4.23,3,1,141,551.3651376
239,73,63,1,2,25,4.19,0,0,129,534.0181946
240,79,67,0,0,56,4.01,1,1,151,501.2363001
241,88,55,0,1,56,4.0,3,1,26,159.6069186
242,76,34,1,2,10,4.92,2,0,103,359.801051
243,49,30,1,2,80,3.74,3,0,85,348.6695625
244,100,64,0,1,7,4.89,3,1,115,490.504076
245,87,26,0,0,63,4.2,2,1,118,485.6832395
246,22,5,0,2,93,4.85,1,0,99,424.9275102
247,21,11,0,2,23,3.76,0,0,12,40.44289065
248,93,57,1,1,34,4.89,2,1,80,258.4249153
249,28,15,0,0,90,4.25,3,1,177,511.929391
250,97,7,2,2,22,3.74,0,1,147,441.746701
251,48,12,2,2,51,4.63,3,1,32,175.5180543
252,70,37,2,2,10,3.65,3,1,168,658.5834277
253,78,12,0,2,99,4.3,0,0,95,299.2909931
254,25,7,0,1,24,3.85,1,1,144,494.8027992
255,24,9,2,0,6,4.05,0,1,69,223.519012
256,92,37,0,2,7,4.92,2,1,103,434.5710508
257,43,33,0,0,16,4.01,2,1,159,630.4284013
258,96,23,2,0,8,4.23,2,1,90,445.1254111
259,88,46,0,0,35,4.89,0,1,72,361.985521
260,83,43,1,1,20,3.59,2,0,63,267.2821971
261,50,29,2,1,2,4.81,2,0,143,518.954763
262,97,75,2,1,15,4.94,0,0,163,575.4934492
263,84,24,1,1,39,4.08,0,0,86,349.4432162
264,68,40,1,2,58,4.64,2,1,68,279.2349662
265,77,30,2,1,99,4.7,1,1,179,689.7483155
266,82,67,2,1,13,4.43,0,0,33,88.76294359
267,21,8,1,0,37,3.71,1,1,171,621.7963495
268,75,24,0,1,44,3.79,3,1,72,307.6219494
269,61,9,2,0,74,3.98,1,1,32,172.4105313
270,90,13,1,1,24,3.73,0,0,126,444.2453021
271,100,21,1,1,20,3.52,3,1,163,556.8967118
272,93,31,1,0,13,3.58,0,1,101,355.3245755
273,92,14,2,2,57,3.73,2,1,133,474.9977391
274,61,12,0,0,59,4.72,0,1,178,581.9712306
275,53,12,1,0,79,3.6,3,1,154,663.4393972
276,55,21,2,1,20,3.56,3,1,134,519.4694924
277,57,45,0,0,78,4.43,0,1,112,397.6919501
278,34,8,1,2,51,4.09,0,1,130,388.1122299
279,50,11,1,2,19,4.87,2,0,144,591.100076
280,35,22,0,2,82,3.79,0,0,174,586.7988633
281,43,14,1,1,1,3.53,3,1,134,648.9097429
282,50,25,1,2,19,4.32,3,0,176,746.3391325
283,55,19,2,1,64,4.34,2,1,129,555.0976878
284,93,67,2,2,21,4.88,3,1,87,417.9131413
285,94,69,2,2,86,4.12,2,1,18,97.80093622
286,70,60,2,1,57,4.05,0,1,43,193.089112
287,36,25,1,1,61,3.64,3,0,132,492.4640116
288,37,9,1,2,73,4.8,2,0,124,408.8156288
289,68,46,2,0,8,4.21,0,0,116,364.1617948
290,77,15,1,1,47,4.47,2,0,66,228.6434979
291,27,12,1,2,64,4.7,1,0,149,667.946428
292,90,56,1,2,61,4.38,3,1,91,410.342709
293,46,23,1,1,19,4.92,0,0,169,710.4192642
294,96,80,2,1,47,3.77,2,0,70,177.2030658
295,80,6,0,2,43,4.81,3,0,24,74.32837978
296,80,31,1,2,91,4.61,1,1,127,392.3027601
297,64,25,1,2,85,4.46,0,1,37,168.6101943
298,57,42,0,2,36,3.59,0,1,167,587.2581373
299,52,7,0,2,57,4.82,3,0,180,563.9803273
300,69,56,2,1,73,4.02,3,1,116,352.3474983
301,67,54,1,1,53,3.67,2,0,110,415.3075369
302,25,7,0,2,13,4.07,0,1,60,204.2158433
303,80,35,0,1,29,4.49,3,0,79,319.6520701
304,73,6,1,2,5,4.03,3,1,71,362.0533307
305,24,6,2,1,65,4.29,0,1,106,387.4755378
306,37,14,0,0,18,4.36,1,0,85,348.8532987
307,27,6,0,1,74,4.75,0,1,157,732.2985127
308,23,11,2,1,11,4.86,0,0,133,343.6721334
309,42,8,0,0,12,4.79,2,1,166,599.7162532
310,74,39,2,2,11,3.65,2,0,173,484.7545389
311,68,30,2,1,28,4.69,3,1,134,581.1514566
312,59,9,1,2,30,4.83,0,0,140,603.3651643
313,89,75,0,2,76,4.39,1,0,110,369.8546415
314,81,35,1,1,45,4.11,3,0,174,708.8801421
315,33,8,1,1,74,4.52,2,1,56,205.8375505
316,75,28,2,0,49,4.46,3,0,163,684.5607033
317,87,48,1,2,95,4.73,2,0,162,453.2541299
318,56,37,1,2,96,3.83,0,1,130,412.584838
319,75,32,2,2,20,3.69,1,1,96,440.4442377
320,99,54,0,2,96,3.77,0,1,61,241.6407114
321,33,16,0,1,81,4.08,0,1,50,201.2925319
322,41,28,0,0,89,4.47,1,1,45,220.0511403
323,55,19,1,2,74,3.51,2,0,173,702.913416
324,93,51,0,2,12,4.98,2,1,90,431.4216603
325,54,35,2,2,11,4.49,0,1,96,466.8626811
326,34,20,2,0,21,4.15,2,1,158,445.1263612
327,86,18,1,2,61,4.3,0,1,126,441.6378571
328,85,27,1,0,8,4.11,3,1,157,669.5210117
329,74,5,1,1,80,3.63,3,0,134,354.3852115
330,63,53,0,0,33,4.33,0,0,175,489.7125243
331,55,13,1,2,45,3.71,2,1,40,222.568582
332,100,66,1,0,27,3.53,1,1,106,412.2556068
333,51,27,2,0,86,3.82,1,1,152,472.2157353
334,37,10,2,2,33,4.86,0,0,44,179.9398803
335,99,71,1,0,3,4.63,2,1,100,308.9111533
336,54,24,0,2,85,3.79,1,0,102,306.3142432
337,30,7,0,0,57,4.27,2,1,69,224.4648783
338,84,56,2,2,71,4.56,1,1,15,101.0737865
339,49,14,1,2,55,4.43,2,1,131,633.4966221
340,86,10,2,2,98,4.8,2,0,18,62.87509274
341,48,24,0,0,17,3.98,0,0,29,92.03104706
342,67,18,2,2,78,3.81,2,1,22,106.7358926
343,100,16,0,0,96,3.65,3,1,163,560.6703257
344,79,7,0,2,31,4.82,3,0,100,322.9000695
345,99,9,0,2,33,4.98,0,0,110,292.3393609
346,34,24,2,2,3,4.41,2,0,97,242.751717
347,54,21,2,2,23,4.44,1,1,136,442.7796306
348,77,43,1,1,73,4.07,0,1,131,505.5467165
349,80,21,2,1,85,4.21,2,1,146,474.9171618
350,74,54,2,1,16,4.35,0,1,147,617.4346784
351,57,38,2,1,31,3.97,2,1,64,294.8553699
352,97,66,2,2,90,3.6,1,1,150,717.467322
353,52,14,1,0,97,4.83,1,1,66,266.977217
354,51,37,0,1,34,4.64,0,0,100,383.3711771
355,87,52,2,0,15,3.57,3,0,66,266.4336179
356,91,42,1,2,76,4.96,2,0,86,336.3943924
357,85,34,0,1,66,4.59,2,1,163,764.8593556
358,57,21,0,2,28,4.93,3,0,141,588.6941798
359,28,8,2,1,67,3.78,0,1,58,305.2426677
360,58,30,2,1,32,4.14,3,0,75,256.3738037
361,31,9,0,0,18,4.42,2,1,114,461.0193486
362,27,11,1,0,88,4.5,1,1,144,581.7472844
363,90,75,2,0,88,4.1,0,0,106,472.5465909
364,54,8,1,1,41,3.89,2,0,168,573.4835718
365,23,9,1,2,50,3.84,1,1,34,192.3850222
366,94,64,2,1,62,4.87,3,0,166,744.0359811
367,86,20,1,2,51,3.75,2,1,110,412.2574631
368,79,55,1,1,91,4.39,2,0,48,189.560565
369,73,13,2,1,93,3.95,3,0,90,357.0434722
370,74,23,2,1,45,4.07,2,1,99,417.1740954
371,26,11,2,0,10,4.22,2,1,69,314.8447103
372,99,30,2,1,74,4.21,2,1,160,629.9546011
373,80,42,2,0,85,4.22,3,0,131,473.561754
374,78,35,0,1,5,4.35,1,1,100,317.8809578
375,63,6,2,0,29,4.79,1,1,24,132.4992195
376,25,8,0,1,30,4.44,3,0,115,430.785851
377,100,50,2,1,20,4.14,1,0,127,350.2265836
378,46,8,2,2,32,4.81,0,0,112,466.4274793
379,59,29,2,1,90,4.3,3,0,145,651.730389
380,21,11,0,0,18,4.2,2,1,49,266.3480732
381,64,7,0,2,48,4.67,1,0,64,266.3853768
382,52,22,1,0,72,3.6,2,1,101,303.8032264
383,100,56,1,2,67,4.2,1,0,169,461.9661914
384,83,72,0,1,25,4.62,3,1,45,201.0575406
385,89,10,0,2,36,4.12,0,1,13,94.21444739
386,100,37,0,2,47,4.7,0,0,142,546.8574477
387,71,7,2,0,31,4.83,2,1,60,292.7468301
388,94,26,1,1,0,3.94,0,1,40,150.9060377
389,52,23,2,1,41,4.23,1,0,134,534.9066334
390,27,15,2,2,31,4.95,0,0,103,315.265403
391,88,62,2,1,62,4.82,0,0,162,601.2360266
392,48,38,1,2,64,4.97,3,1,152,701.469573
393,53,35,1,1,1,3.67,2,1,88,392.0078846
394,31,12,1,0,34,4.7,3,0,105,331.8375249
395,56,34,1,2,1,4.56,0,0,121,307.5259291
396,48,35,0,0,47,4.26,2,0,26,68.271745
397,93,66,1,2,22,3.91,3,0,180,765.4397486
398,49,18,0,2,62,4.92,0,0,62,168.3662892
399,72,33,0,0,63,4.25,1,0,132,351.773619
400,62,11,1,0,37,4.23,2,1,71,363.345753
401,39,15,1,1,53,4.6,1,1,38,201.7146763
402,67,56,2,0,49,4.22,0,1,23,121.439999
403,88,15,2,1,39,4.51,0,0,137,598.7750233
404,29,16,2,2,75,4.11,2,1,80,371.1242881
405,100,24,2,2,88,4.49,3,0,56,173.6669675
406,98,43,1,0,62,4.98,2,0,130,538.518528
407,35,10,0,0,40,3.54,3,0,75,281.962567
408,58,14,0,0,10,3.77,2,0,95,258.0144597
409,22,7,2,0,53,4.43,2,1,98,476.2019962
410,84,37,1,1,94,3.83,3,0,28,124.6455032
411,91,14,1,2,19,4.78,3,1,19,111.1127149
412,56,29,2,0,67,4.49,0,0,125,421.8171879
413,97,21,0,1,36,3.72,1,1,23,134.0510145
414,57,47,2,0,26,3.8,2,0,30,132.4032477
415,94,27,1,2,100,3.6,3,1,172,547.9814624
416,84,6,1,0,24,3.74,2,0,68,281.9682458
417,40,11,0,2,1,4.24,3,1,35,182.4663214
418,65,36,1,2,20,4.39,3,1,87,313.7742266
419,35,22,2,2,28,4.88,0,1,116,422.886661
420,40,30,2,1,67,4.03,1,1,143,529.6967147
421,61,45,2,2,6,4.99,1,0,10,25.99344945
422,50,14,2,0,98,3.52,3,1,109,351.5699575
423,98,25,1,2,30,4.76,0,0,60,154.6871597
424,54,37,1,1,41,4.69,0,1,16,106.5920823
425,37,13,0,1,31,4.66,0,0,35,132.1665679
426,78,41,2,2,12,4.99,0,0,22,76.22496122
427,84,21,0,0,88,3.5,0,0,146,598.94004
428,44,32,1,2,51,4.2,0,1,168,563.1508996
429,25,11,2,2,92,3.91,3,0,115,310.1546163
430,38,13,2,0,38,4.46,1,1,28,145.1375686
431,85,25,2,2,21,4.03,2,0,73,323.5576858
432,31,13,1,0,87,4.04,1,0,11,31.56567616
433,67,6,0,1,25,4.45,1,1,31,144.4626376
434,77,11,0,2,70,3.82,3,1,63,252.4930471
435,32,11,1,2,30,3.53,0,1,32,146.5127744
436,71,30,0,1,60,4.83,1,1,156,501.80135
437,65,38,2,1,13,4.77,2,1,132,610.7325515
438,64,29,2,2,66,3.79,3,1,37,194.2623994
439,48,38,2,2,45,4.17,0,0,87,318.210126
440,76,42,0,0,95,3.93,2,0,180,512.6251102
441,76,53,2,1,77,3.67,0,1,179,555.8919188
442,71,14,1,2,8,4.44,3,0,76,242.1588608
443,76,9,2,2,64,4.16,1,0,10,41.40499128
444,51,14,0,0,16,3.51,3,1,30,180.8865537
445,88,38,0,0,29,3.73,1,1,167,537.8971059
446,60,24,0,0,5,3.79,0,1,154,556.6629286
447,73,55,0,1,55,4.2,0,0,52,158.5563431
448,23,10,2,2,80,3.88,0,0,22,59.4454065
449,74,27,1,2,51,3.75,2,1,111,334.1449975
450,49,6,1,0,18,4.41,3,1,148,443.7750198
451,31,8,0,0,7,3.57,3,0,35,145.2420374
452,57,46,0,1,42,4.39,2,0,56,210.6317666
453,64,19,1,1,35,4.02,0,0,39,152.2291926
454,86,76,1,1,84,4.99,3,0,149,612.4467268
455,54,28,1,1,73,3.56,2,1,51,250.2858824
456,85,37,0,0,10,3.76,3,1,61,309.0825447
457,58,15,0,1,14,4.76,3,1,12,94.1609177
458,96,27,0,0,21,4.37,3,1,57,243.9373065
459,58,31,1,2,32,4.87,1,1,85,331.1930539
460,77,45,1,2,88,4.16,2,0,151,595.2312212
461,93,73,0,1,78,3.81,3,1,106,465.9626816
462,44,11,0,1,56,3.83,0,1,18,104.7520101
463,20,10,0,1,54,4.12,2,1,168,784.055126
464,70,40,1,1,9,3.77,1,0,130,382.9299379
465,42,12,0,0,92,4.5,0,0,123,319.2967131
466,87,33,0,1,53,4.15,1,0,143,640.1373391
467,70,43,1,0,47,4.31,2,0,57,243.4933854
468,61,15,2,0,29,4.49,0,0,32,135.0058741
469,71,36,1,2,69,4.37,2,0,110,392.9639433
470,81,33,1,1,41,4.93,0,1,162,617.2885001
471,87,64,0,2,69,4.55,1,1,65,310.7883995
472,85,65,1,1,73,4.65,0,1,165,770.0708908
473,91,65,2,1,40,3.58,1,0,141,373.5047076
474,83,57,0,2,80,4.6,3,1,172,814.4195559
475,64,10,1,0,75,3.61,2,1,155,473.3466933
476,69,22,0,2,25,4.41,3,1,74,266.7677789
477,37,12,0,2,15,3.73,1,0,142,369.3616589
478,93,28,2,2,63,3.9,1,0,38,111.7239412
479,66,49,0,0,42,4.56,0,0,124,429.9483561
480,47,36,0,2,100,4.2,2,0,103,414.7783003
481,71,30,0,1,45,4.16,1,1,53,227.18257
482,58,19,2,2,47,3.97,1,0,77,247.4420018
483,100,18,1,2,50,4.89,2,1,51,213.8232969
484,94,28,2,1,59,4.45,3,0,173,652.587891
485,49,6,0,2,23,4.65,3,1,69,289.6463054
486,42,7,0,0,90,3.67,1,0,32,123.7624693
487,79,63,2,0,56,4.66,1,1,70,292.5906289
488,59,5,0,0,17,4.97,1,1,143,440.9395108
489,54,7,2,1,91,3.75,3,0,97,298.3226184
490,60,6,0,2,65,4.76,2,0,168,629.2044296
491,26,13,1,2,4,3.63,3,1,123,441.9961924
492,90,10,0,2,59,4.44,2,1,147,691.5012906
493,34,12,1,2,38,4.18,0,0,24,106.9485906
494,80,34,1,2,84,3.8,3,0,174,561.438522
495,21,7,0,1,58,4.31,2,1,75,328.4583569
496,97,71,1,2,52,4.32,1,0,36,133.3873831
497,64,7,1,1,92,4.58,1,1,16,114.6992021
498,47,34,0,0,16,4.38,1,1,46,237.143389
499,44,28,0,0,30,3.93,1,1,42,157.1065717
500,21,9,1,0,13,4.01,1,0,127,431.2515977
501,57,37,2,0,59,3.92,1,0,159,585.8075882
502,62,5,0,2,51,4.4,0,0,160,647.2043749
503,25,6,2,0,60,3.91,1,1,145,559.5788398
504,92,33,1,2,70,3.69,1,1,46,173.1505323
505,38,7,0,0,46,3.79,3,0,78,198.1704675
506,99,31,2,2,0,3.54,2,0,50,192.7088692
507,35,7,0,1,65,4.19,3,0,65,165.0758242
508,30,13,2,0,53,3.68,3,1,124,379.4680329
509,28,6,2,0,53,4.48,3,1,148,461.1095538
510,59,47,0,2,73,3.54,3,0,75,234.5672446
511,24,13,2,2,50,4.26,3,1,141,540.0620307
512,21,6,1,1,15,3.81,1,1,80,318.8415033
513,84,54,1,2,59,4.98,0,1,43,196.3151415
514,100,50,2,2,83,4.91,2,1,173,622.4914304
515,30,11,2,2,99,4.96,1,0,83,349.6745279
516,45,35,0,1,0,4.58,0,1,41,206.1473319
517,53,35,2,0,35,3.92,0,1,166,635.9330545
518,65,41,0,0,51,3.57,3,1,48,251.1121418
519,93,6,0,2,85,4.47,3,0,107,324.0987674
520,28,5,0,1,69,4.49,2,1,132,425.4887348
521,38,8,2,2,78,3.57,3,0,114,470.2690237
522,25,6,2,1,69,4.45,1,1,94,398.051726
523,76,23,0,1,64,3.57,3,1,115,564.931725
524,22,7,1,0,73,4.91,2,1,73,238.3189915
525,40,5,0,2,17,4.55,0,0,72,184.9552256
526,89,16,1,1,27,4.86,0,0,161,624.305616
527,31,21,1,2,77,4.83,0,0,107,389.3845083
528,92,45,0,2,59,4.23,2,1,121,574.8939389
529,58,32,2,0,92,4.59,0,1,111,517.944462
530,58,20,0,2,42,3.51,1,0,125,527.1792012
531,36,7,1,1,26,4.35,2,0,59,201.4968308
532,66,40,0,1,93,4.86,1,0,153,627.016751
533,76,54,2,1,58,4.05,1,0,74,218.6251779
534,55,23,2,0,46,4.58,0,1,150,654.6765363
535,21,8,2,1,57,4.78,3,1,84,293.5602166
536,61,45,0,0,42,4.25,0,0,102,421.985262
537,72,62,1,1,48,3.82,1,0,126,553.7408049
538,65,18,0,0,65,4.01,2,0,111,330.62431
539,20,8,0,2,27,4.99,2,0,83,261.4451503
540,22,7,1,2,16,4.1,3,0,147,520.0637873
541,72,49,1,0,15,4.34,3,1,19,117.6332781
542,42,30,2,1,26,4.79,0,0,138,493.0149509
543,100,54,1,1,91,4.59,3,1,61,203.1132957
544,87,32,1,2,38,4.76,0,0,114,421.7762985
545,36,8,2,0,47,4.07,0,0,77,305.0088859
546,70,38,2,2,99,4.19,2,0,76,317.7718882
547,41,7,2,0,4,4.15,3,0,83,364.9140561
548,59,40,0,0,64,4.72,3,0,157,398.3194964
549,33,14,2,1,38,4.89,2,0,127,461.3060121
550,70,26,2,2,15,3.67,3,1,70,358.2348071
551,45,7,0,1,87,4.35,1,0,74,224.3071068
552,98,71,1,1,83,4.55,2,0,139,558.3815496
553,75,63,2,0,42,4.55,1,1,138,660.4425623
554,100,34,0,0,33,4.75,3,0,156,537.4486717
555,76,23,2,2,53,3.94,1,0,117,480.1043704
556,32,12,2,2,69,3.68,2,0,55,162.2831045
557,35,23,1,0,58,3.78,0,0,164,638.0445145
558,30,16,1,0,89,3.63,0,0,142,420.111098
559,75,56,2,1,66,3.69,1,1,22,124.4906005
560,25,6,0,1,23,3.95,2,1,55,235.2781176
561,88,16,1,0,26,4.18,2,0,32,127.3314901
562,43,26,0,2,69,4.9,1,0,107,391.0269904
563,39,20,0,2,97,4.25,2,0,121,319.5430197
564,77,63,1,0,72,4.56,2,0,113,380.2853708
565,41,14,1,2,59,4.72,2,1,49,179.6234225
566,51,20,0,2,97,4.8,2,0,130,452.1126401
567,30,10,1,0,86,4.95,1,0,149,565.6691466
568,29,8,2,0,52,4.68,0,1,121,402.1558776
569,21,5,0,0,8,4.44,0,1,159,689.84216
570,50,15,1,1,62,4.51,3,0,83,307.6469281
571,61,42,0,0,11,3.72,3,0,52,186.5262771
572,67,5,1,2,81,4.53,2,1,14,91.06777716
573,73,22,1,1,26,4.99,3,0,33,143.8549861
574,35,18,2,0,27,3.82,2,0,158,553.8373591
575,96,58,2,2,25,3.61,2,0,85,336.5684837
576,38,28,2,0,8,4.83,2,0,29,95.02020686
577,75,28,2,0,6,4.02,1,1,171,575.0117219
578,57,26,1,2,92,4.11,0,1,58,264.6757476
579,36,10,0,0,65,3.54,3,0,53,185.6179239
580,73,27,0,0,98,3.97,1,0,57,251.1556503
581,68,29,0,0,51,3.99,1,0,110,299.6890563
582,25,9,0,0,11,3.58,3,0,31,92.65681121
583,97,25,2,1,95,4.91,3,1,101,332.2293764
584,30,7,0,1,85,3.74,1,0,44,184.1120897
585,83,7,1,0,24,4.9,2,1,24,124.5817745
586,27,5,0,0,2,4.3,1,0,22,60.98181722
587,58,21,1,0,72,4.14,0,0,10,35.88598786
588,32,15,2,0,67,3.76,1,1,23,132.1230188
589,76,8,2,0,40,4.68,0,0,157,561.5796822
590,21,9,1,1,38,4.54,2,0,179,546.3787899
591,47,37,2,0,53,4.69,3,0,41,147.4597413
592,33,20,1,1,97,4.13,2,1,169,668.892214
593,92,66,0,2,26,3.56,1,0,19,62.06928479
594,24,7,0,2,34,3.51,0,1,111,477.7411362
595,75,9,0,0,71,4.06,3,0,150,411.0057654
596,89,76,2,0,35,4.8,3,1,177,650.2985712
597,67,20,2,1,42,4.13,1,0,68,243.2286176
598,61,23,1,2,51,4.73,1,1,150,680.9330686
599,80,67,0,1,80,4.74,3,0,147,432.3072577
600,66,15,1,0,62,4.59,3,0,161,720.7299449
601,39,12,1,1,54,3.77,2,1,176,510.454375
602,46,22,2,1,9,4.33,2,0,128,522.7974319
603,89,74,0,2,41,4.89,2,1,115,432.1627923
604,60,16,2,0,56,4.33,3,1,126,382.4570671
605,58,13,0,1,99,3.62,2,1,106,351.4393159
606,68,16,2,2,93,4.44,2,1,154,510.1957863
607,45,19,1,2,71,3.72,3,0,121,313.9264406
608,91,61,1,0,100,4.88,3,0,101,372.229822
609,39,12,2,1,70,4.02,2,1,66,314.4680085
610,97,9,0,0,58,4.32,1,1,142,491.5779539
611,42,18,1,2,39,3.94,0,0,128,527.1558944
612,27,15,2,0,11,3.77,1,0,111,432.8493969
613,67,48,0,1,94,4.3,1,1,168,544.6027808
614,69,51,2,1,75,3.57,3,1,136,470.1827135
615,69,47,2,1,65,4.22,3,0,18,53.53910401
616,93,18,1,0,34,3.54,0,0,80,352.0685727
617,84,74,1,1,7,4.4,0,1,101,396.3698341
618,96,48,2,0,41,4.39,2,0,130,367.7829981
619,30,13,1,0,72,4.18,3,1,113,352.9356731
620,60,48,1,1,15,4.06,2,0,78,339.1055826
621,72,39,2,1,39,3.77,3,1,115,347.8959667
622,31,13,1,1,82,4.63,2,0,108,469.2509136
623,71,13,0,2,60,4.3,3,1,62,213.8430201
624,91,61,0,2,86,4.44,2,1,129,567.5392185
625,91,60,0,0,2,3.53,1,1,107,492.1790132
626,32,6,2,2,13,4.75,0,0,53,173.8874745
627,23,10,1,0,47,4.84,1,0,125,418.1068244
628,61,47,1,2,100,4.58,3,1,157,658.3040013
629,57,40,2,1,78,3.62,0,0,171,764.5953414
630,89,70,1,0,86,4.51,0,0,90,384.209292
631,64,45,0,0,22,3.96,3,1,118,404.6018875
632,91,29,2,1,82,3.73,0,1,90,446.8170258
633,91,53,1,0,67,4.56,3,0,50,158.1067232
634,69,37,1,1,47,4.39,1,1,60,284.2362895
635,71,61,1,1,79,3.85,0,0,147,591.2989763
636,38,7,0,2,28,3.85,1,0,12,36.00027803
637,100,32,1,1,67,3.94,1,1,162,581.1370846
638,65,51,1,0,97,4.81,3,1,144,588.1367699
639,73,38,2,1,91,4.23,1,1,86,400.267333
640,56,25,1,1,87,3.73,1,1,172,575.4102708
641,75,55,0,2,80,4.7,2,0,69,190.9788527
642,97,21,2,1,43,3.79,0,1,106,398.1593839
643,94,71,0,1,48,4.73,3,1,169,770.8733245
644,53,22,2,2,28,4.99,0,1,64,211.082023
645,81,8,0,2,78,4.8,0,1,141,618.4288567
646,47,34,0,2,87,3.53,2,1,170,739.22712
647,80,48,1,1,13,4.44,3,0,35,128.7410739
648,75,55,0,0,54,4.73,3,1,145,584.49173
649,89,12,2,2,42,4.73,0,0,102,328.3139822
650,30,13,0,0,8,4.1,0,0,94,274.6803754
651,64,5,0,0,91,4.34,1,1,21,108.2430435
652,55,29,1,0,92,4.85,2,0,44,181.7809396
653,94,76,1,0,26,4.7,2,1,94,405.3179545
654,53,28,2,0,6,3.67,1,0,178,775.7916852
655,29,7,1,1,68,3.98,2,0,114,289.1296809
656,29,17,2,2,76,3.61,2,0,166,674.1328476
657,75,42,1,2,38,4.25,0,0,146,479.1199534
658,74,53,1,1,60,3.93,3,0,162,676.4404324
659,89,75,2,2,10,4.91,1,0,16,54.44953819
660,29,13,1,0,44,4.29,1,1,87,267.740417
661,40,20,0,2,45,4.42,1,1,130,445.4842486
662,79,11,2,1,1,4.35,3,1,45,210.2567597
663,98,87,2,0,87,4.28,0,1,170,603.8458025
664,95,76,2,1,74,4.39,3,0,118,464.9915827
665,79,13,0,0,67,4.05,1,1,151,514.9363492
666,38,22,1,1,18,4.17,3,1,121,450.5387531
667,83,41,1,2,48,3.64,1,0,176,741.3443926
668,59,24,1,1,40,4.0,0,1,147,631.631297
669,51,11,1,1,72,3.62,0,0,16,71.21364105
670,64,46,0,2,51,5.0,1,1,29,144.6013825
671,30,6,0,1,93,3.81,1,0,129,505.9219688
672,60,15,1,1,95,4.84,0,0,180,726.3339146
673,75,51,0,1,17,4.83,0,1,79,283.4132788
674,25,15,1,1,88,4.68,0,1,31,148.1864882
675,46,31,1,0,67,3.53,2,0,61,158.5920931
676,48,11,2,1,86,3.55,3,0,15,57.89462608
677,51,6,0,0,64,4.57,2,0,34,142.5577269
678,68,23,1,0,96,4.77,2,0,105,359.1281131
679,89,8,1,2,18,3.83,2,0,121,407.5520588
680,84,55,1,1,1,4.47,0,0,146,487.3991192
681,50,8,0,1,25,3.8,1,1,13,89.61312852
682,99,40,2,0,26,4.83,1,1,151,510.6580782
683,21,9,2,0,91,4.82,2,0,47,171.6271186
684,53,19,1,2,54,3.84,1,0,132,520.5653406
685,60,16,2,0,68,4.23,3,0,108,458.0963268
686,32,22,1,2,9,4.68,3,1,135,530.1491564
687,51,25,0,1,21,4.43,1,1,38,200.2582591
688,22,5,2,1,75,4.39,3,1,19,128.0167602
689,21,7,0,1,6,4.96,0,1,180,836.1164186
690,55,21,0,2,49,4.59,2,0,111,471.0890519
691,42,31,0,0,32,4.75,3,0,12,50.64017558
692,86,26,0,2,31,3.69,0,0,85,263.1611767
693,48,18,0,2,60,4.47,0,1,124,524.1655595
694,82,65,2,0,43,4.8,3,1,112,330.2265438
695,63,48,0,1,88,4.09,2,0,70,212.7407519
696,44,24,2,1,83,3.61,3,0,13,48.92895254
697,39,18,1,0,78,4.21,0,0,165,734.395119
698,23,7,0,0,98,4.35,2,0,76,281.3395023
699,31,7,0,2,27,4.73,2,1,141,476.2898578
700,44,7,0,1,55,3.66,3,1,103,490.3421583
701,23,5,2,0,92,3.71,3,0,105,363.4447759
702,63,46,2,2,36,4.59,2,0,18,49.83993576
703,25,15,2,0,15,4.18,2,1,176,516.829559
704,27,11,0,1,1,4.34,3,0,99,262.6864664
705,57,28,2,0,27,4.58,0,0,107,423.5098574
706,83,26,1,0,77,3.62,3,1,74,373.9756358
707,80,5,1,1,53,3.67,1,1,48,184.2429447
708,50,40,0,2,61,4.7,1,1,73,319.1109829
709,84,8,0,0,21,4.63,3,0,172,549.2008068
710,90,54,0,1,1,3.59,0,1,87,427.8571629
711,28,9,2,2,68,4.82,1,1,43,164.3163905
712,97,64,0,2,62,3.52,2,1,152,638.1340202
713,99,22,1,2,7,4.4,2,0,39,131.4435872
714,96,53,0,1,58,4.28,0,0,21,55.6373708
715,88,69,0,0,89,3.6,1,1,107,467.9274949
716,53,17,0,2,78,4.03,0,1,26,120.2471929
717,28,14,0,2,77,3.58,0,0,98,374.6551828
718,59,21,0,1,97,3.6,0,1,67,269.4441402
719,50,27,1,0,100,4.22,2,1,173,685.6696936
720,89,8,2,0,40,3.59,2,1,151,528.0024896
721,83,34,2,2,96,4.71,1,1,176,812.0729939
722,73,14,2,0,28,4.31,1,0,29,118.9730584
723,76,35,1,1,8,4.89,0,1,138,406.5899108
724,56,35,0,2,33,3.97,2,0,47,134.7758295
725,40,20,0,1,11,4.4,0,0,83,343.79852
726,27,6,2,2,92,3.73,3,1,125,460.2837625
727,32,7,2,1,79,4.05,2,0,83,306.3904612
728,48,24,2,2,35,4.2,3,1,51,251.4211394
729,71,41,2,0,31,3.81,0,1,140,614.6367132
730,53,6,0,2,74,4.12,3,0,76,231.1651668
731,87,44,0,2,61,3.87,1,1,16,117.7636645
732,36,16,2,1,82,4.62,0,1,72,253.4912438
733,39,20,0,0,71,4.11,2,0,111,404.5983992
734,91,81,0,0,15,4.68,1,1,20,135.1772701
735,31,18,2,1,46,4.86,3,0,128,360.8585507
736,94,67,1,2,34,4.64,3,1,64,231.3263185
737,83,18,2,0,12,4.98,2,0,81,286.4092944
738,34,9,2,2,65,4.69,0,1,107,508.7118175
739,32,6,0,0,75,4.47,2,1,154,721.7212691
740,22,7,2,0,15,3.53,1,1,180,552.2693747
741,49,20,0,2,52,4.74,0,1,162,510.6268914
742,61,38,2,2,95,3.5,3,0,164,415.9794524
743,21,9,2,0,48,4.4,0,1,152,660.059708
744,40,18,2,2,16,4.59,0,1,157,644.0445755
745,22,6,2,2,82,4.3,2,1,172,710.8843138
746,34,11,1,0,66,4.59,2,0,134,478.2001536
747,56,31,0,2,9,4.79,0,1,167,744.4180992
748,93,36,2,0,60,4.63,0,0,111,478.7697584
749,38,9,1,0,57,4.26,2,1,16,104.0560727
750,76,26,1,2,74,4.18,1,1,159,486.1839276
751,47,24,1,2,11,3.62,3,1,148,657.0936874
752,64,10,2,2,62,4.98,1,0,38,96.30074138
753,56,10,0,0,28,3.8,0,0,144,609.9082747
754,44,25,0,2,32,4.43,3,1,154,502.1012063
755,34,6,0,1,11,3.75,2,0,179,465.7190585
756,45,18,1,2,70,3.84,3,0,122,308.4359179
757,31,7,0,1,22,4.88,0,1,172,806.0212702
758,95,28,0,1,34,4.48,1,0,163,576.967572
759,82,59,0,1,39,3.5,3,1,67,284.2944207
760,95,38,2,2,39,3.71,0,1,97,478.3662772
761,27,12,1,2,1,4.93,1,0,41,119.4824
762,94,23,1,1,71,4.15,3,1,154,532.5097779
763,66,15,2,2,88,4.21,1,1,65,291.9008795
764,40,6,0,0,37,4.75,0,1,148,707.8553932
765,56,27,1,2,62,4.74,1,1,129,435.7154538
766,54,6,1,0,48,4.26,2,0,154,504.0841142
767,46,15,1,2,96,4.69,2,1,116,497.3770093
768,65,16,1,2,82,3.62,1,1,146,460.8002859
769,96,48,2,0,11,4.19,3,0,79,272.4960776
770,47,9,1,0,88,4.06,3,0,93,246.9535423
771,20,7,2,2,55,4.43,3,0,153,482.7422075
772,94,57,1,1,13,4.04,0,0,60,205.4957596
773,52,30,1,2,25,3.67,3,0,142,531.6062153
774,71,6,1,0,48,4.05,0,0,157,550.9983737
775,46,8,0,0,39,3.97,1,1,123,396.9586998
776,53,40,2,1,13,3.79,3,0,118,318.2115758
777,26,11,2,1,97,3.64,2,0,141,427.0550612
778,100,46,1,0,74,3.74,0,0,171,448.3128535
779,74,38,2,1,95,5.0,1,0,167,455.4083399
780,53,5,0,0,100,4.46,3,1,33,179.1708197
781,75,63,2,0,24,4.18,0,0,29,104.1858826
782,44,9,1,1,54,4.2,2,1,13,91.67748869
783,76,60,1,1,81,3.6,1,1,72,264.0857364
784,88,18,1,2,80,4.83,1,0,109,424.6569323
785,54,35,0,0,95,4.98,1,1,61,218.9504185
786,49,30,2,1,7,3.97,0,1,77,248.1703336
787,25,8,2,2,11,4.0,0,0,109,422.4367392
788,36,18,1,0,15,4.21,0,0,86,280.5240757
789,42,25,1,2,44,4.99,2,1,122,565.9834811
790,29,14,0,0,2,4.69,3,1,180,828.2131346
791,52,16,2,2,63,4.13,2,0,49,132.8468058
792,37,6,0,0,59,4.73,1,0,20,86.17345484
793,91,17,0,0,21,4.84,0,1,149,545.3868063
794,29,8,0,2,79,4.26,2,1,133,531.0619846
795,62,45,0,1,87,4.74,0,1,20,108.6023565
796,69,7,2,1,51,4.56,0,1,103,462.6630441
797,32,14,1,2,80,3.56,0,1,80,254.9510771
798,78,31,2,0,6,3.78,1,1,64,271.012665
799,53,10,0,2,10,3.58,1,0,168,424.4884285
800,60,50,1,2,54,4.57,0,1,38,151.7772865
801,97,58,2,0,1,4.11,2,1,83,383.0749064
802,87,77,2,0,12,3.56,3,1,11,97.78450586
803,74,20,0,2,68,4.36,3,0,32,119.5940733
804,90,58,2,0,1,4.7,0,1,21,126.5727707
805,21,8,0,1,69,4.24,0,1,176,829.5343799
806,70,35,2,2,35,4.9,3,1,108,418.8153495
807,37,7,1,1,1,3.92,1,0,62,233.2131028
808,30,11,0,0,93,3.56,3,1,155,701.1414725
809,64,22,2,1,26,4.24,1,1,115,388.7296675
810,40,23,2,2,6,3.96,3,0,178,528.6080729
811,28,18,2,0,100,3.62,0,1,92,382.0384386
812,85,19,0,0,17,3.69,2,0,164,587.3312643
813,92,77,2,0,100,4.26,3,0,47,167.7398193
814,93,56,1,1,56,4.65,1,1,86,304.8360145
815,36,25,0,1,26,3.57,0,0,122,354.154098
816,94,50,1,1,88,4.95,3,1,49,250.4603273
817,27,8,0,0,48,4.18,0,0,167,495.2197782
818,86,41,0,1,96,4.5,2,1,68,301.5483736
819,22,11,0,1,39,4.63,1,0,101,433.0345436
820,95,56,0,2,86,3.79,2,1,147,671.4712089
821,99,89,2,2,63,4.84,0,0,16,49.71329086
822,22,8,0,1,4,4.84,2,0,122,408.12977
823,100,85,1,2,59,4.46,1,0,110,329.4837131
824,61,38,0,2,100,4.34,1,1,78,383.3178042
825,33,18,1,0,7,4.01,3,0,105,313.068157
826,39,22,0,0,63,3.87,1,1,170,706.6896359
827,37,5,2,2,75,3.88,1,1,26,142.6153122
828,95,53,1,2,6,4.01,0,1,158,708.8224028
829,28,6,1,0,54,4.03,0,1,168,593.065918
830,66,17,2,0,84,4.47,3,0,139,604.3834015
831,60,11,1,0,18,4.29,1,0,26,100.2582627
832,94,34,1,0,99,4.54,0,1,155,685.7612505
833,63,12,2,2,54,4.47,1,1,140,446.4130123
834,38,8,1,2,59,4.44,3,1,75,291.1079368
835,35,21,1,2,13,4.14,2,1,36,193.6423939
836,83,64,1,0,78,4.01,1,0,109,304.52613
837,62,14,0,2,33,4.23,2,1,85,386.8349333
838,88,48,2,0,52,4.52,3,0,92,230.8325858
839,68,11,0,2,89,3.66,1,0,93,333.9106727
840,84,64,2,1,34,4.13,1,1,99,353.8098039
841,40,10,2,1,60,3.87,3,1,79,293.1981343
842,93,20,2,1,38,4.78,0,1,144,447.0830688
843,57,44,2,0,78,3.53,1,0,153,584.888885
844,67,16,1,0,24,4.52,1,1,150,488.1872512
845,68,16,2,2,91,4.49,3,0,77,246.7577555
846,38,22,2,0,60,3.6,2,1,104,312.1731588
847,49,28,2,2,61,3.9,1,1,172,576.2811193
848,98,59,2,1,55,4.6,2,0,100,381.3912054
849,47,9,1,0,38,4.06,2,0,141,543.7702542
850,27,11,2,1,97,4.78,1,1,137,472.5224038
851,59,29,2,1,68,4.4,3,1,88,286.0589701
852,56,20,2,1,74,4.05,1,0,25,88.95619552
853,50,39,2,0,62,3.95,2,1,135,646.9811779
854,93,37,2,0,37,4.75,3,0,76,292.9246564
855,46,22,0,1,97,3.51,2,0,100,395.7698468
856,56,19,1,2,16,4.46,1,1,86,279.6798101
857,37,16,1,0,8,4.5,1,0,46,192.5029774
858,85,58,2,1,85,4.1,3,1,92,351.7702933
859,27,7,2,1,89,3.6,2,1,120,555.4019371
860,44,16,0,2,31,3.96,3,1,122,395.378157
861,75,51,1,1,68,3.65,0,1,66,261.5103068
862,21,11,2,0,46,3.84,2,0,103,397.5648404
863,42,29,1,2,67,4.59,2,1,153,735.2764383
864,25,15,1,2,100,4.9,3,1,94,289.4570095
865,67,46,1,1,92,4.72,2,0,32,97.67500136
866,29,6,1,2,24,4.37,0,0,50,197.4639216
867,100,70,2,0,42,4.9,3,1,167,762.8822843
868,37,10,1,0,27,4.26,0,0,143,512.4493927
869,31,14,2,0,37,4.3,3,1,103,484.4661864
870,49,12,1,2,30,4.37,0,1,84,353.0184088
871,42,19,0,1,56,4.84,1,1,144,539.7316715
872,61,5,0,1,48,4.15,2,0,29,114.1636548
873,24,7,1,0,85,4.36,3,0,169,521.408046
874,20,10,0,1,18,4.28,1,1,123,450.3878805
875,22,9,2,2,36,4.51,1,1,10,82.69156896
876,98,87,1,1,59,4.26,0,0,13,34.57409278
877,30,14,2,2,64,4.45,0,0,147,535.1718879
878,32,13,2,1,75,4.56,1,1,111,333.4011668
879,22,12,2,2,49,4.88,3,1,35,179.8388199
880,62,8,2,2,13,4.2,3,1,65,241.9912178
881,51,27,2,0,8,4.31,3,0,92,369.3803924
882,85,74,1,1,82,3.92,1,1,177,704.3001292
883,28,9,2,2,26,3.95,3,1,114,466.9720738
884,93,70,1,2,21,3.81,1,0,12,41.12164472
885,36,9,1,2,53,4.46,3,1,127,404.0297998
886,80,22,0,0,17,4.4,2,0,141,423.754418
887,60,24,0,1,18,4.16,2,1,45,165.7246625
888,97,45,2,2,90,3.71,2,1,151,578.8213878
889,53,14,1,2,24,3.99,0,1,161,707.4493979
890,79,22,0,2,53,3.96,1,1,126,542.809573
891,44,24,2,2,55,4.08,0,1,137,513.9900767
892,34,12,1,1,3,4.83,3,1,62,298.35562
893,55,12,2,2,96,4.66,2,1,48,183.2701657
894,49,29,1,1,35,4.8,1,1,160,468.3069202
895,72,54,0,1,68,3.85,0,0,74,220.4983368
896,72,27,2,0,76,3.97,2,1,70,265.9466151
897,99,6,1,0,49,4.32,0,0,113,311.4894374
898,21,10,0,1,22,4.42,2,0,151,647.8477765
899,50,25,2,2,89,4.74,0,0,107,383.914142
900,61,35,0,2,4,4.77,2,1,115,557.9161858
901,24,5,0,2,57,4.96,3,1,70,228.7960084
902,31,17,0,2,71,4.46,1,1,55,237.7686221
903,35,20,1,1,62,3.55,0,0,117,297.0874039
904,74,30,2,1,97,3.9,1,0,179,794.3231511
905,94,61,2,1,12,4.95,1,1,133,563.8497972
906,44,11,0,2,31,3.92,0,1,110,339.2870735
907,84,37,2,0,3,3.83,1,1,69,248.9476554
908,27,12,1,1,39,4.51,2,1,55,279.2686999
909,59,36,1,1,43,3.74,1,1,25,145.0422383
910,82,20,2,1,59,3.99,3,1,45,241.8259565
911,24,10,2,0,24,4.09,2,1,97,430.6098548
912,84,67,1,1,48,4.87,3,0,81,219.9937068
913,52,9,1,1,24,4.19,2,0,102,366.7282586
914,38,12,0,2,44,4.85,1,0,110,356.8814026
915,26,12,2,1,80,4.27,0,0,134,441.4714773
916,61,39,1,1,82,4.49,2,1,46,230.1431448
917,87,41,0,0,97,4.27,0,1,37,158.89198
918,98,46,1,0,55,4.71,1,0,173,766.9193242
919,24,13,2,2,54,4.09,2,0,161,466.7229822
920,44,8,2,0,43,3.82,3,0,86,233.5066238
921,71,59,2,1,71,4.47,1,0,31,104.1037338
922,91,59,2,2,68,4.77,3,0,15,38.33576819
923,32,14,2,0,75,4.49,3,0,177,761.0167601
924,79,24,2,2,0,4.26,1,0,82,284.8625063
925,73,27,2,1,55,4.27,2,1,50,216.0601959
926,32,16,0,2,80,4.78,2,0,11,39.3737012
927,22,10,0,2,5,4.44,2,1,129,471.7821019
928,35,19,2,2,45,4.99,0,0,159,508.6730025
929,24,10,1,1,79,4.3,3,0,24,95.11851082
930,67,31,0,0,64,3.62,3,0,169,735.1444901
931,100,73,2,2,95,3.98,3,1,100,456.603073
932,66,16,2,2,94,4.52,2,0,34,122.2418752
933,96,36,2,1,57,4.06,1,1,139,599.8171406
934,60,8,2,1,68,4.84,2,1,144,438.5186068
935,92,31,0,2,54,3.91,3,1,148,516.1330392
936,92,49,2,2,9,4.23,1,1,89,397.4831041
937,56,37,2,2,27,4.12,0,1,68,317.8400261
938,88,71,0,1,42,4.87,0,1,109,330.7836403
939,87,47,0,2,6,4.54,2,1,162,743.3166378
940,85,6,1,0,92,4.11,0,0,73,274.1712773
941,98,54,0,1,34,4.57,1,1,113,462.4075929
942,28,14,0,1,24,4.2,0,0,147,533.0802632
943,36,9,1,2,22,3.51,3,1,37,143.2178422
944,20,8,1,2,38,4.82,3,1,155,574.9456425
945,94,36,0,1,41,4.57,2,0,76,215.7417616
946,94,82,1,0,48,4.92,2,1,20,129.7685299
947,70,7,2,1,13,4.09,0,0,117,321.0007658
948,90,71,1,1,37,3.51,2,1,32,172.592775
949,42,10,2,2,56,4.01,3,1,95,455.2097852
950,44,18,1,0,88,3.67,3,1,50,199.8397441
951,60,16,1,1,28,3.91,1,0,105,281.0970651
952,26,5,0,2,7,4.75,0,1,140,413.5480019
953,79,13,0,1,6,4.63,0,0,38,134.0943259
954,26,8,0,0,65,3.58,3,1,89,378.5039616
955,62,7,2,2,2,4.71,2,1,28,162.0535855
956,42,16,0,0,33,3.63,2,0,166,513.1161278
957,57,16,2,1,0,3.95,0,0,97,308.6385555
958,33,13,0,0,34,4.78,2,0,66,239.0885465
959,22,10,0,1,26,4.97,2,0,170,562.1650161
960,67,44,2,1,27,4.69,2,0,129,467.0198949
961,62,15,1,2,15,4.28,3,0,73,327.4333417
962,95,49,0,1,92,4.27,3,1,99,332.0936161
963,61,36,2,2,72,4.64,3,1,109,457.0853189
964,48,12,0,2,25,4.26,3,0,180,552.8162271
965,93,59,0,1,30,4.11,0,1,89,281.0521289
966,59,18,2,0,67,3.86,2,0,98,288.345153
967,95,73,2,1,20,3.59,1,1,138,666.824206
968,71,33,1,1,4,4.88,1,1,109,436.0192373
969,20,7,1,0,71,3.83,2,1,51,248.2203068
970,23,7,2,0,96,3.97,0,1,165,493.233884
971,80,69,1,2,94,4.44,3,0,74,291.5110821
972,58,10,2,0,51,4.27,3,1,138,459.0606515
973,71,25,2,0,72,4.46,1,0,169,603.9358824
974,69,26,0,0,48,4.28,1,1,175,502.6040622
975,89,54,1,0,48,4.38,0,0,24,74.78832689
976,84,62,2,2,52,4.61,0,0,29,126.2308115
977,98,61,2,2,91,4.28,3,0,95,319.9423796
978,95,25,2,0,26,3.62,2,0,81,207.6129192
979,79,29,0,2,29,4.22,3,0,99,304.7441779
980,82,10,2,2,97,4.43,3,0,177,481.7658793
981,87,5,0,0,6,3.76,1,0,28,83.33537482
982,83,35,0,0,3,4.32,3,1,116,513.6451022
983,47,9,0,1,5,4.81,3,1,178,561.3748775
984,34,7,2,2,54,4.71,3,1,149,516.5111729
985,26,13,0,1,14,4.19,2,0,174,666.4286806
986,88,7,0,0,11,3.64,3,1,130,573.2085394
987,57,26,0,1,92,3.8,1,1,67,283.7979252
988,45,17,0,2,67,4.7,0,0,15,66.78323719
989,82,26,2,0,35,4.71,2,0,114,289.2390325
990,54,39,0,0,88,4.59,1,0,42,147.4263866
991,95,24,1,0,79,3.5,0,0,130,552.2304431
992,63,31,1,2,2,3.81,1,1,160,632.5601419
993,43,18,2,0,58,4.22,1,0,156,494.7452575
994,33,14,1,1,87,4.81,1,1,17,118.9865334
995,33,23,2,0,24,4.21,2,1,11,91.38952597
996,84,29,2,1,92,4.55,2,1,94,424.1559867
997,44,6,1,0,80,4.13,3,1,40,157.3648303
998,53,27,1,1,78,3.63,3,1,58,279.0950483
999,78,63,0,0,14,4.21,0,0,147,655.0651055
