Unnamed: 0,Location_Category,Customer_Loyalty_Status,Number_of_Past_Rides,Average_Ratings,Time_of_Booking,Vehicle_Type,Expected_Ride_Duration,Supply-Demand Ratio,Expected_Ride_Duration_Gaussian
82,2,0,39,0.5333333333333332,1,0,143,-0.6987576719374227,0.6824578366693302
991,1,0,79,0.0,0,0,130,-0.864786410466567,0.4586790696940937
789,1,2,44,0.9933333333333336,2,1,122,0.7743693280266059,0.3086658056949343
894,1,1,35,0.8666666666666667,1,1,160,0.7597645119902628,1.0968035620935137
398,0,2,62,0.9466666666666668,0,0,62,-0.2742374249674749,-0.6278092970790504
323,1,2,74,0.0066666666666668,2,0,173,-0.3833143838346571,1.6906216295848986
519,0,2,85,0.6466666666666665,3,0,107,-1.9509605519101627,0.068778483545522
916,1,1,82,0.6600000000000001,2,1,46,0.9611943982136988,-0.8894945075306337
922,2,2,68,0.8466666666666667,3,0,15,0.9987766432470196,-1.876358561894595
5,2,2,83,0.0066666666666668,3,0,128,0.7657089262830622,0.4031081206562856
731,0,2,61,0.246666666666667,1,1,16,0.3801783453969816,-1.7460165226992128
465,0,0,92,0.666666666666667,0,0,123,-0.6895196736144571,0.3219708901819885
97,0,2,57,0.8866666666666667,1,0,154,0.8469650176893423,0.9474012715571222
266,2,1,13,0.6200000000000001,0,0,33,1.6698244365502817,-1.1523963281637326
357,0,1,66,0.7266666666666666,2,1,163,-0.1145050007711539,1.1943956635681563
868,1,0,27,0.5066666666666668,0,0,143,-0.7708150075910525,0.6824578366693302
798,2,0,6,0.1866666666666665,1,1,64,-0.1269230038572841,-0.604585346583237
380,0,0,18,0.4666666666666668,2,1,49,0.4614505427856546,-0.8166273608486048
631,0,0,22,0.3066666666666666,3,1,118,1.223311806057395,0.2567320595114773
381,0,2,48,0.7800000000000002,1,0,64,-1.676732778801081,-0.604585346583237
490,0,2,65,0.8399999999999999,2,0,168,-1.733186369397199,1.3996566480498198
118,1,2,34,0.4866666666666672,1,1,125,-0.8933675498686144,0.348755695517045
900,0,2,4,0.8466666666666667,2,1,115,0.6817052207970554,0.2169044259817107
250,2,2,22,0.1600000000000001,0,1,147,-1.9034570778114723,0.7647096737863871
523,0,1,64,0.0466666666666668,3,1,115,-0.6014971997777034,0.2169044259817107
9,0,2,21,0.2333333333333334,3,1,128,-1.4786447894382857,0.4031081206562856
196,2,1,99,0.0066666666666668,3,0,130,0.6642972461323853,0.4586790696940937
603,0,2,41,0.9266666666666667,2,1,115,1.7243531064999955,0.2169044259817107
81,1,2,87,0.0266666666666668,0,1,98,-0.7763195243854903,-0.0633410232568585
783,1,1,81,0.0666666666666668,1,1,72,1.5640974468361428,-0.4586790696940935
587,1,0,72,0.4266666666666667,0,0,10,-0.300386208071062,-5.199337582605575
797,1,2,80,0.04,0,1,80,0.0647493097611295,-0.3353332195143981
239,1,2,25,0.4600000000000004,0,0,129,1.8425679046573176,0.4307272992954577
290,1,1,47,0.6466666666666665,2,0,66,-1.1816661976105145,-0.5744599931693578
211,1,2,67,0.5133333333333332,2,1,164,1.220306625108606,1.22064034884735
717,0,2,77,0.0533333333333336,0,0,98,0.3541302398124828,-0.0633410232568585
359,2,1,67,0.1866666666666665,0,1,58,-0.6895196736144571,-0.6877940372453101
449,1,2,51,0.1666666666666669,2,1,111,-0.2865227941764346,0.1397102988818621
227,0,0,79,0.1066666666666669,1,1,30,1.428790609793887,-1.2477538553513248
950,1,0,88,0.1133333333333332,3,1,50,-0.0706460479567364,-0.7990827621351786
946,1,0,48,0.9466666666666668,2,1,20,1.8771570857442703,-1.5783809694989035
796,2,1,51,0.7066666666666666,0,1,103,-1.7244302926085364,0.0126600769403141
501,2,0,59,0.2800000000000002,1,0,159,1.0019853956704037,1.073987502640332
464,1,1,9,0.1800000000000001,1,0,130,0.6715259315962625,0.4586790696940937
362,1,0,88,0.666666666666667,1,1,144,-0.0787483332410042,0.6985257103450605
468,2,0,29,0.6600000000000001,0,0,32,-0.9009628597446968,-1.168948844531482
935,0,2,54,0.2733333333333334,3,1,148,-0.4260969389613879,0.799082762135179
428,1,2,51,0.4666666666666668,0,1,168,1.3201915847418466,1.3996566480498198
7,0,0,83,0.06,0,1,47,0.9179340627261544,-0.8708457453650698
155,2,1,84,0.1,3,0,176,-0.6043331932729297,1.9556614355881687
541,1,0,15,0.56,3,1,19,1.1316108565472611,-1.6084159635399504
440,0,0,95,0.286666666666667,2,0,180,0.5893127240515,5.19933758270342
482,2,2,47,0.3133333333333334,1,0,77,-0.4735629222044155,-0.3757931145253796
422,2,0,98,0.0133333333333336,3,1,109,-0.719493365135181,0.102057646376773
778,1,0,74,0.1600000000000001,0,0,171,0.1702409597681048,1.5497059007365892
949,2,2,56,0.3399999999999998,3,1,95,-0.9431524206927162,-0.1141852943214282
334,2,2,33,0.9066666666666672,0,0,44,-0.7708150075910525,-0.9474012715571216
576,2,0,8,0.8866666666666667,2,0,29,1.3582380540068504,-1.2758170414017849
934,2,1,68,0.8933333333333335,2,1,144,-1.5344388187927782,0.6985257103450605
567,1,0,86,0.9666666666666668,1,0,149,-0.4444139316301906,0.8344270065319034
594,0,2,34,0.0066666666666668,0,1,111,-0.6584275498976099,0.1397102988818621
530,0,2,42,0.0066666666666668,1,0,125,-0.3864622210281754,0.348755695517045
581,0,0,51,0.3266666666666671,1,0,110,0.0124798660632887,0.1163093099640861
707,1,1,53,0.1133333333333332,1,1,48,-1.9635343106900012,-0.8344270065319033
448,2,2,80,0.2533333333333334,0,0,22,0.0519057863361177,-1.5089438550380376
453,1,1,35,0.3466666666666667,0,0,39,-0.6313302403557509,-1.0299567622253682
228,2,2,42,0.7733333333333334,2,0,14,0.9592893494623268,-1.955661435588168
352,2,2,90,0.0666666666666668,1,1,150,1.1310254698346829,0.8524950342746943
728,2,2,35,0.4666666666666668,3,1,51,0.3541302398124828,-0.7817807527650722
212,2,1,1,0.3733333333333331,0,1,157,-1.3605170965669182,1.0299567622253682
79,2,0,34,0.8133333333333335,3,1,78,-0.7835997360869859,-0.3622413028447364
148,0,0,89,0.8266666666666671,2,1,45,-0.8046724292692113,-0.9084578685373852
302,0,2,13,0.3800000000000003,0,1,60,-0.719493365135181,-0.6665642591979041
628,1,2,100,0.7200000000000002,3,1,157,1.490505302561987,1.0299567622253682
777,2,1,97,0.0933333333333337,2,0,141,-0.0036780992131275,0.6352697098765966
506,2,2,0,0.0266666666666668,2,0,50,-0.5473951468663709,-0.7990827621351786
342,2,2,78,0.206666666666667,2,1,22,-0.779361115924231,-1.5089438550380376
485,0,2,23,0.766666666666667,3,1,69,-1.5987358259090985,-0.5157047936930385
711,2,2,68,0.8800000000000003,1,1,43,-0.5049235180691848,-0.967421566101701
133,0,2,64,0.5466666666666669,1,0,152,-0.0015216501834282,0.9084578685373852
703,2,0,15,0.4533333333333331,2,1,176,0.7947678553558875,1.9556614355881687
311,2,1,28,0.7933333333333339,3,1,134,0.082090217744452,0.5157047936930386
722,2,0,28,0.54,1,0,29,-1.1986261661398634,-1.2758170414017849
629,2,1,78,0.08,0,0,171,1.2177750059374692,1.5497059007365892
0,2,2,13,0.6466666666666665,3,1,90,0.3541302398124828,-0.1910520061461741
316,2,0,49,0.6400000000000001,3,0,163,-0.2446914184597747,1.1943956635681563
706,1,0,77,0.08,3,1,74,-0.5467704121434052,-0.4307272992954574
547,2,0,4,0.4333333333333335,3,0,83,-1.3177771393639688,-0.2954151418352379
872,0,1,48,0.4333333333333335,2,0,29,-1.8430347185621327,-1.2758170414017849
532,0,1,93,0.9066666666666672,1,0,153,0.8206487253524459,0.9277536853574254
477,0,2,15,0.1533333333333333,1,0,142,-0.4901587985029996,0.6665642591979043
404,2,2,75,0.4066666666666672,2,1,80,0.5853206059259511,-0.3353332195143981
172,0,1,40,0.2000000000000001,2,1,139,0.8909969158134955,0.5894557978497786
125,1,1,59,0.246666666666667,1,1,174,-1.0611840564034232,1.7460165226992137
394,1,0,34,0.8000000000000003,3,0,105,-0.177209922379474,0.0379883512302825
420,2,1,67,0.3533333333333335,1,1,143,1.4102372356260824,0.6824578366693302
552,1,1,83,0.7000000000000002,2,0,139,1.3090905309978118,0.5894557978497786
903,1,1,62,0.0333333333333332,0,0,117,0.6715259315962625,0.2482750931071163
90,2,1,31,0.8333333333333335,0,1,113,0.156928708604112,0.1781745977224104
939,0,2,6,0.6933333333333334,2,1,162,0.5345663893263252,1.1689488445314824
181,2,2,37,0.48,1,0,68,-0.5292683392751298,-0.5302197258242277
274,0,0,59,0.8133333333333335,0,1,178,-1.170941561777672,2.166106752892329
895,0,1,68,0.2333333333333334,0,0,74,1.4102372356260824,-0.4307272992954574
69,2,1,80,0.8466666666666667,3,1,64,-1.329526916901418,-0.604585346583237
291,1,2,64,0.8000000000000003,1,0,149,0.0974701135473511,0.8344270065319034
131,2,2,48,0.06,1,0,121,0.8602899567602633,0.2954151418352382
300,2,1,73,0.3466666666666667,3,1,116,1.648954303852713,0.2359544530967802
424,1,1,41,0.7933333333333339,0,1,16,1.1505135951526553,-1.7460165226992128
326,2,0,21,0.4333333333333335,2,1,158,0.7442691593475469,1.0517172529984828
144,2,0,28,0.2733333333333334,0,0,23,-1.6104171300612833,-1.4705452438880622
423,1,2,30,0.8399999999999999,0,0,60,-0.8515515698821096,-0.6665642591979041
580,0,0,98,0.3133333333333334,1,0,57,-0.2618047544446245,-0.6985257103450601
135,2,2,78,0.6133333333333333,0,1,23,-0.3635481210336091,-1.4705452438880622
450,1,0,18,0.6066666666666669,3,1,148,-1.5987358259090985,0.799082762135179
164,1,2,30,0.1133333333333332,3,0,48,-0.8789109201677369,-0.8344270065319033
28,1,1,39,0.2733333333333334,1,1,129,0.4991601582450384,0.4307272992954577
773,1,2,25,0.1133333333333332,3,0,142,0.6953860532966634,0.6665642591979043
193,0,0,21,0.2333333333333334,2,1,126,0.0113332038507715,0.3635934533154041
388,1,1,0,0.2933333333333334,0,1,40,-0.73740879405683,-1.015716707115957
852,2,1,74,0.3666666666666667,1,0,25,-0.3248762578990394,-1.3761195610719854
169,2,1,95,0.54,2,1,21,0.1969750157900356,-1.5497059007365892
705,2,0,27,0.7200000000000002,0,0,107,0.314194455170302,0.068778483545522
140,0,0,74,0.8266666666666671,3,0,46,1.9022034408605708,-0.8894945075306337
173,1,2,57,0.1200000000000001,3,0,75,-1.656959538340102,-0.4168779579954071
6,1,1,44,0.6066666666666669,0,1,16,0.1812447471077939,-1.7460165226992128
745,2,2,82,0.5333333333333332,2,1,172,-0.7578208415652533,1.6399762701332197
478,2,2,63,0.2666666666666666,1,0,38,-0.6095506396413805,-1.0517172529984826
73,0,2,86,0.7800000000000002,3,1,95,0.909878383106904,-0.1141852943214282
910,2,1,59,0.3266666666666671,3,1,45,-0.9117442109603354,-0.9084578685373852
813,2,0,100,0.5066666666666668,3,0,47,1.745078070053311,-0.8708457453650698
238,1,2,45,0.4866666666666672,3,1,141,-1.0418999106498337,0.6352697098765966
145,0,1,79,0.5866666666666669,2,1,93,-0.2469180117063397,-0.1525059742462442
792,0,0,59,0.8200000000000003,1,0,20,-1.3668532866936347,-1.5783809694989035
234,2,0,8,0.8999999999999999,2,0,31,1.254414746720974,-1.2206403488473496
220,1,2,54,0.1866666666666665,2,0,114,1.328712943755719,0.1910520061461742
923,2,0,75,0.6600000000000001,3,0,177,0.0647493097611295,2.049594266393992
500,1,0,13,0.3399999999999998,1,0,127,0.0224646439738915,0.3799767094788889
132,2,2,56,0.5466666666666669,3,0,11,-1.458339517789276,-2.322574531946193
990,0,0,88,0.7266666666666666,1,0,42,1.3000329952473004,-0.9878373274485251
774,1,0,48,0.3666666666666667,0,0,157,-1.8274613318434023,1.0299567622253682
185,0,2,7,0.8666666666666667,2,0,173,-0.3022071155177017,1.6906216295848986
41,2,2,55,0.666666666666667,3,0,45,-1.2731701160774616,-0.9084578685373852
696,2,1,83,0.0733333333333332,3,0,13,0.5576796760090812,-2.0495942663939903
108,0,1,51,0.4666666666666668,3,1,166,0.6164957156525457,1.3035115013095302
588,2,0,67,0.1733333333333333,1,1,23,0.2108606649957493,-1.4705452438880622
56,0,2,44,0.0333333333333332,3,0,68,0.900949388136466,-0.5302197258242277
405,2,2,88,0.6600000000000001,3,0,56,-0.9328355693037008,-0.709677673401031
442,1,2,8,0.6266666666666669,3,0,76,-1.1683592780713543,-0.4031081206562855
757,0,1,22,0.92,0,1,172,-1.0100670685580748,1.6399762701332197
997,1,0,80,0.4199999999999999,3,1,40,-1.5166393808928758,-1.015716707115957
24,1,0,72,0.206666666666667,3,1,65,-0.1346949401727666,-0.5894557978497783
467,1,0,47,0.54,2,0,57,0.8556289494509912,-0.6985257103450601
539,0,2,27,0.9933333333333336,2,0,83,-0.1145050007711539,-0.2954151418352379
531,1,1,26,0.5666666666666664,2,0,59,-1.183687117637548,-0.6771409987502723
618,2,0,41,0.5933333333333333,2,0,130,0.3541302398124828,0.4586790696940937
694,2,0,43,0.8666666666666667,3,1,112,1.5764683146065952,0.1653266691658971
926,0,2,80,0.8533333333333335,2,0,11,0.3541302398124828,-2.322574531946193
338,2,2,71,0.7066666666666666,1,1,15,1.0746128547590694,-1.876358561894595
51,2,2,16,0.5333333333333332,2,0,53,-1.152627228249244,-0.7485868171393245
507,0,1,65,0.4600000000000004,3,0,65,-1.152627228249244,-0.5894557978497783
516,0,1,0,0.7200000000000002,0,1,41,1.518838521655625,-1.001679695046071
920,2,0,43,0.2133333333333333,3,0,86,-1.2547766547883492,-0.2530566113893796
781,2,0,24,0.4533333333333331,0,0,29,1.75653048434882,-1.2758170414017849
264,1,2,58,0.7599999999999998,2,1,68,0.7442691593475469,-0.5302197258242277
817,0,0,48,0.4533333333333331,0,0,167,-0.634336087127533,1.3351777361189376
710,0,1,1,0.06,0,1,87,0.7947678553558875,-0.2359544530967806
682,2,0,26,0.8866666666666667,1,1,151,-0.0949797764544793,0.8708457453650702
832,1,0,99,0.6933333333333334,0,1,155,-0.3022071155177017,0.9733840804101448
518,0,0,51,0.0466666666666668,3,1,48,0.9252385823431688,-0.8344270065319033
447,0,1,55,0.4666666666666668,0,0,52,1.4237120764748898,-0.7647096737863871
18,1,0,49,0.54,1,1,22,-1.085318322515186,-1.5089438550380376
715,0,0,89,0.0666666666666668,1,1,107,1.5433020748290849,0.068778483545522
483,1,2,50,0.9266666666666667,2,1,51,-1.2650712383083578,-0.7817807527650722
568,2,0,52,0.7866666666666666,0,1,121,-0.7412756531948941,0.2954151418352382
433,0,1,25,0.6333333333333337,1,1,31,-1.7966254654023457,-1.2206403488473496
367,1,2,51,0.1666666666666669,2,1,110,-0.9732266796544904,0.1163093099640861
83,0,1,70,0.5133333333333332,0,1,52,-0.4883711609099988,-0.7647096737863871
61,1,0,49,0.1866666666666665,2,1,98,1.0513016976107532,-0.0633410232568585
638,1,0,97,0.8733333333333331,3,1,144,1.5453308351706674,0.6985257103450605
272,1,0,13,0.0533333333333336,0,1,101,-0.4444139316301906,-0.012660076940314
285,2,2,86,0.4133333333333335,2,1,18,1.3471275012171142,-1.639976270133218
360,2,1,32,0.4266666666666667,3,0,75,0.4320004058129025,-0.4168779579954071
354,0,1,34,0.7599999999999998,0,0,100,1.3130830083060492,-0.0379883512302822
456,0,0,10,0.1733333333333333,3,1,61,0.0543251051736269,-0.6435530249586763
278,1,2,51,0.3933333333333335,0,1,130,-0.95835090625037,0.4586790696940937
12,0,0,50,0.4133333333333335,2,0,164,-0.4444139316301906,1.22064034884735
182,0,1,0,0.4866666666666672,2,1,36,0.1085759875570164,-1.0968035620935137
368,1,1,91,0.5933333333333333,2,0,48,1.1953052743105477,-0.8344270065319033
881,2,0,8,0.54,3,0,92,0.4864773332376705,-0.1653266691658968
615,2,1,65,0.48,3,0,18,1.1340791550012728,-1.639976270133218
223,0,0,68,0.5333333333333332,1,1,66,-1.3177771393639688,-0.5744599931693578
572,1,2,81,0.686666666666667,2,1,14,-1.8882337178180524,-1.955661435588168
970,2,0,96,0.3133333333333334,0,1,165,-0.5926264243101261,1.2710701213098332
653,1,0,26,0.8000000000000003,2,1,94,1.6371829518147238,-0.1397102988818619
545,2,0,47,0.3800000000000003,0,0,77,-1.02970048582349,-0.3757931145253796
582,0,0,11,0.0533333333333336,3,0,31,-0.3106620551687467,-1.2206403488473496
633,1,0,67,0.7066666666666666,3,0,50,0.7191695609541001,-0.7990827621351786
176,1,0,64,0.1666666666666669,2,0,31,1.5554520222618995,-1.2206403488473496
665,0,0,67,0.3666666666666667,1,1,151,-1.353105184801814,0.8708457453650702
673,0,1,17,0.8866666666666667,0,1,79,1.1293392988300797,-0.3487556955170447
585,1,0,24,0.9333333333333336,2,1,24,-1.828500781930657,-1.3996566480498192
873,1,0,85,0.5733333333333337,3,0,169,-0.6584275498976099,1.4705452438880635
393,1,1,1,0.1133333333333332,2,1,88,1.0486580887516757,-0.2169044259817106
163,1,0,55,0.8266666666666671,2,0,109,0.4521800140911234,0.102057646376773
248,1,1,34,0.9266666666666667,2,1,80,0.8497609398799197,-0.3353332195143981
634,1,1,47,0.5933333333333333,1,1,60,0.5168307720007028,-0.6665642591979041
885,1,2,53,0.6400000000000001,3,1,127,-0.8789109201677369,0.3799767094788889
669,1,1,72,0.08,0,0,16,-1.0656398123856632,-1.7460165226992128
375,2,0,29,0.8600000000000003,1,1,24,-1.7620314999767852,-1.3996566480498192
412,2,0,67,0.6600000000000001,0,0,125,0.4347663499338242,0.348755695517045
74,1,0,28,0.9133333333333336,0,0,132,0.7828755356909127,0.4869939388512906
113,0,0,86,0.7866666666666666,3,1,171,-0.6313302403557509,1.5497059007365892
598,1,2,51,0.8200000000000003,1,1,150,-0.2264114979158218,0.8524950342746943
961,1,2,15,0.5200000000000005,3,0,73,-0.9223672898992208,-0.4446597559886717
390,2,2,31,0.9666666666666668,0,0,103,0.6021615820215491,0.0126600769403141
104,1,2,3,0.1066666666666669,2,1,53,1.0942042528105784,-0.7485868171393245
114,0,0,68,0.3800000000000003,2,0,136,-0.1145050007711539,0.5519505461602383
417,0,2,1,0.4933333333333336,3,1,35,-0.7458218361983279,-1.1202053547494892
525,0,2,17,0.7000000000000002,0,0,72,-1.5836147448587796,-0.4586790696940935
457,0,1,14,0.8399999999999999,3,1,12,-0.8327428003731037,-2.166106752892329
409,2,0,53,0.6200000000000001,2,1,98,-0.5215134566462906,-0.0633410232568585
92,0,0,84,0.286666666666667,1,1,58,-0.6406474662135522,-0.6877940372453101
930,0,0,64,0.08,3,0,169,0.1827365322129033,1.4705452438880635
89,2,1,23,0.5266666666666668,2,0,167,0.3835544809485654,1.3351777361189376
336,0,2,85,0.1933333333333333,1,0,102,0.0974701135473511,0.0
988,0,2,67,0.8000000000000003,0,0,15,-0.2228325395082773,-1.876358561894595
921,2,1,71,0.6466666666666665,1,0,31,1.7225600883849448,-1.2206403488473496
933,2,1,57,0.3733333333333331,1,1,139,-0.2364866974043851,0.5894557978497786
605,0,1,99,0.08,2,1,106,-1.0192001614753785,0.0526621924407999
593,0,2,26,0.04,1,0,19,1.2806997423724489,-1.6084159635399504
611,1,2,39,0.2933333333333334,0,0,128,0.0224646439738915,0.4031081206562856
94,0,0,40,0.7866666666666666,1,0,95,-1.8940588553272015,-0.1141852943214282
11,0,0,15,0.4266666666666667,1,1,144,0.9360083302261732,0.6985257103450605
396,0,0,47,0.5066666666666668,2,0,26,1.327737031684589,-1.3533210751663085
533,2,1,58,0.3666666666666667,1,0,74,1.2531396439176687,-0.4307272992954574
43,0,1,89,0.246666666666667,0,1,166,-1.4786447894382857,1.3035115013095302
42,1,1,52,0.7066666666666666,1,0,125,1.7379008543005563,0.348755695517045
329,1,1,80,0.0866666666666668,3,0,134,-1.931971745902884,0.5157047936930386
167,2,0,82,0.3266666666666671,3,1,10,0.610154523985969,-5.199337582605575
497,1,1,92,0.7200000000000002,1,1,16,-1.676732778801081,-1.7460165226992128
876,1,1,59,0.5066666666666668,0,0,13,1.933976975090937,-2.0495942663939903
597,2,1,42,0.4199999999999999,1,0,68,-0.6228577278981484,-0.5302197258242277
756,1,2,70,0.2266666666666665,3,0,122,-0.1145050007711539,0.3086658056949343
100,1,2,26,0.5066666666666668,3,0,152,1.3111269614665504,0.9084578685373852
426,2,2,12,0.9933333333333336,0,0,22,0.4696417087472558,-1.5089438550380376
178,0,1,92,0.1600000000000001,2,0,53,-0.3561447097547126,-0.7485868171393245
444,0,0,16,0.0066666666666668,3,1,30,-0.7484081861603015,-1.2477538553513248
416,1,0,24,0.1600000000000001,2,0,68,-1.908016762419232,-0.5302197258242277
870,1,2,30,0.5800000000000001,0,1,84,-0.9063735404914204,-0.2822161470625079
882,1,1,82,0.2800000000000002,1,1,177,1.870671048285044,2.049594266393992
680,1,1,1,0.6466666666666665,0,0,146,1.025407393360657,0.7478585947633022
177,0,2,42,0.7000000000000002,3,0,87,0.6444607160865377,-0.2359544530967806
395,1,2,1,0.7066666666666666,0,0,121,0.8252608208926037,0.2954151418352382
911,2,0,24,0.3933333333333335,2,1,97,-0.0342959793575777,-0.088734480299415
793,0,0,21,0.8933333333333335,0,1,149,-1.2265698968159402,0.8344270065319034
960,2,1,27,0.7933333333333339,2,0,129,1.0335082750673146,0.4307272992954577
684,1,2,54,0.2266666666666665,1,0,132,-0.3181680071827831,0.4869939388512906
383,1,2,67,0.4666666666666668,1,0,169,0.6216492143424849,1.4705452438880635
956,0,0,33,0.0866666666666668,2,0,166,-0.2072588667876596,1.3035115013095302
751,1,2,11,0.08,3,1,148,0.4022747624650876,0.799082762135179
257,0,0,16,0.3399999999999998,2,1,159,1.4786129184735908,1.073987502640332
538,0,0,65,0.3399999999999998,2,0,111,-0.7356842416875776,0.1397102988818621
335,1,0,3,0.7533333333333334,2,1,100,1.279819765951495,-0.0379883512302822
15,2,2,30,0.6733333333333333,0,1,140,-0.575370695308781,0.6045853465832371
324,0,2,12,0.9866666666666672,2,1,90,0.5706213570153168,-0.1910520061461741
758,0,1,34,0.6533333333333338,1,0,163,-0.6424422234253542,1.1943956635681563
222,2,0,88,0.0,1,0,77,0.6547132475971034,-0.3757931145253796
179,1,2,2,0.3933333333333335,1,0,85,-0.3397121208813105,-0.2690661378543141
983,0,1,5,0.8733333333333331,3,1,178,-1.200262704232153,2.166106752892329
22,0,1,6,0.3133333333333334,2,0,139,-1.0627191770506994,0.5894557978497786
356,1,2,76,0.9733333333333336,2,0,86,0.1773991383000511,-0.2530566113893796
666,1,1,18,0.4466666666666667,3,1,121,0.7041572845508952,0.2954151418352382
861,1,1,68,0.1,0,1,66,1.1293392988300797,-0.5744599931693578
340,2,2,98,0.8666666666666667,2,0,18,-1.6354392910493316,-1.639976270133218
431,2,2,21,0.3533333333333335,2,0,73,-0.6456633361275861,-0.4446597559886717
551,0,1,87,0.5666666666666664,1,0,74,-1.4049166108964386,-0.4307272992954574
833,2,2,54,0.6466666666666665,1,1,140,-1.2059544986322497,0.6045853465832371
203,2,2,98,0.0333333333333332,0,1,164,-0.0195381093523113,1.22064034884735
630,1,0,86,0.6733333333333333,0,0,90,1.552681429704541,-0.1910520061461741
93,1,2,82,0.92,0,1,126,-0.637046644450025,0.3635934533154041
558,1,0,89,0.0866666666666668,0,0,142,0.5039457890215525,0.6665642591979043
68,2,1,96,0.2733333333333334,3,0,169,0.9394198699389572,1.4705452438880635
622,1,1,82,0.7533333333333334,2,0,108,-0.0214406857037364,0.0887344802994151
284,2,2,21,0.92,3,1,87,1.2928668292819063,-0.2359544530967806
844,1,0,24,0.6799999999999997,1,1,150,-0.939301136984496,0.8524950342746943
434,0,2,70,0.2133333333333333,3,1,63,-1.4786447894382857,-0.6161557801882251
153,2,0,0,0.7266666666666666,0,1,92,-1.7450497905384084,-0.1653266691658968
75,0,0,49,0.6266666666666669,1,0,96,-1.200262704232153,-0.1014516726419472
730,0,2,74,0.4133333333333335,3,0,76,-1.653780984270686,-0.4031081206562855
446,0,0,5,0.1933333333333333,0,1,154,-0.1145050007711539,0.9474012715571222
188,2,1,78,0.6000000000000005,1,1,61,0.2889808317451718,-0.6435530249586763
271,1,1,20,0.0133333333333336,3,1,163,-1.097052400984591,1.1943956635681563
236,1,2,24,0.7266666666666666,1,0,96,-0.6550870595917045,-0.1014516726419472
487,2,0,56,0.7733333333333334,1,1,70,1.5948770871898112,-0.4869939388512903
117,1,1,40,0.6466666666666665,0,1,13,0.2517729915165184,-2.0495942663939903
943,1,2,22,0.0066666666666668,3,1,37,-0.8789109201677369,-1.0739875026403314
512,1,1,15,0.206666666666667,1,1,80,-0.6895196736144571,-0.3353332195143981
825,1,0,7,0.3399999999999998,3,0,105,0.5576796760090812,0.0379883512302825
591,2,0,53,0.7933333333333339,3,0,41,1.5554520222618995,-1.001679695046071
126,2,2,10,0.1400000000000001,2,1,171,0.6953860532966634,1.5497059007365892
116,2,2,47,0.4133333333333335,1,0,93,0.2193658172447961,-0.1525059742462442
473,2,1,40,0.0533333333333336,1,0,141,1.2682446980721418,0.6352697098765966
693,0,2,60,0.6466666666666665,0,1,124,-0.2364866974043851,0.3353332195143984
57,1,1,72,0.4400000000000004,2,1,128,-0.8085609008773,0.4031081206562856
863,1,2,67,0.7266666666666666,2,1,153,1.1720581200380662,0.9277536853574254
912,1,1,48,0.9133333333333336,3,0,81,1.5954560447147308,-0.3219708901819884
369,2,1,93,0.3000000000000002,3,0,90,-1.2759457873912168,-0.1910520061461741
268,0,1,44,0.1933333333333333,3,1,72,-0.5122184505034646,-0.4586790696940935
46,1,2,60,0.2533333333333334,3,1,161,0.1331621903907654,1.1202053547494892
349,2,1,85,0.4733333333333336,2,1,146,-0.8120623016222501,0.7478585947633022
195,2,1,7,0.48,3,0,45,1.1494790706707851,-0.9084578685373852
999,0,0,14,0.4733333333333336,0,0,147,1.6340559055522272,0.7647096737863871
834,1,2,59,0.6266666666666669,3,1,75,-1.0941391678566914,-0.4168779579954071
736,1,2,34,0.7599999999999998,3,1,64,1.2621420849103235,-0.604585346583237
263,1,1,39,0.3866666666666667,0,0,86,-0.6895196736144571,-0.2530566113893796
443,2,2,64,0.4400000000000004,1,0,10,-1.6226759235681023,-5.199337582605575
675,1,0,67,0.02,2,0,61,1.1044054087692483,-0.6435530249586763
304,1,2,5,0.3533333333333335,3,1,71,-1.8416563850313128,-0.4727891209922672
341,0,0,17,0.3200000000000003,0,0,29,0.3541302398124828,-1.2758170414017849
966,2,0,67,0.2400000000000002,2,0,98,-0.5888208094858355,-0.0633410232568585
149,0,2,2,0.4133333333333335,2,0,126,-1.1009159319915256,0.3635934533154041
124,2,1,35,1.0,2,1,161,0.6953860532966634,1.1202053547494892
786,2,1,7,0.3133333333333334,0,1,77,0.8469650176893423,-0.3757931145253796
50,2,2,27,0.8200000000000003,0,0,117,-0.3714195815175683,0.2482750931071163
353,1,0,97,0.8866666666666667,1,1,66,-0.7763195243854903,-0.5744599931693578
927,0,2,5,0.6266666666666669,2,1,129,0.1448057381467553,0.4307272992954577
142,0,2,73,0.0066666666666668,2,0,150,-1.0445805783206998,0.8524950342746943
470,1,1,41,0.9533333333333333,0,1,162,-0.0787483332410042,1.1689488445314824
399,0,0,63,0.5,1,0,132,0.1624784053635303,0.4869939388512906
625,0,0,2,0.02,1,1,107,1.0443711211623306,0.068778483545522
320,0,2,96,0.1800000000000001,0,1,61,0.5576796760090812,-0.6435530249586763
19,1,2,24,0.8800000000000003,1,1,87,-1.0100670685580748,-0.2359544530967806
809,2,1,26,0.4933333333333336,1,1,115,-0.3918757324040192,0.2169044259817107
790,0,0,2,0.7933333333333339,3,1,180,0.2754294845970115,5.19933758270342
808,0,0,93,0.04,3,1,155,-0.2776024771241345,0.9733840804101448
407,0,0,40,0.0266666666666668,3,0,75,-0.6895196736144571,-0.4168779579954071
537,1,1,48,0.2133333333333333,1,0,126,1.835492328610196,0.3635934533154041
620,1,1,15,0.3733333333333331,2,0,78,1.6045976329912164,-0.3622413028447364
38,1,1,2,0.5266666666666668,2,0,89,-1.073364295055775,-0.2039611757513142
175,1,0,34,0.1266666666666669,0,0,96,-0.4629789727745318,-0.1014516726419472
245,0,0,63,0.4666666666666668,2,1,118,-0.6210782203833899,0.2567320595114773
828,1,2,6,0.3399999999999998,0,1,158,0.6124246275201015,1.0517172529984828
667,1,2,48,0.0933333333333337,1,0,176,0.3267277312679129,1.9556614355881687
754,0,2,32,0.6200000000000001,3,1,154,0.6573905477681992,0.9474012715571222
858,2,1,85,0.3999999999999999,3,1,92,1.1389552680785495,-0.1653266691658968
154,2,2,48,0.3933333333333335,1,0,49,-0.285460281888196,-0.8166273608486048
287,1,1,61,0.0933333333333337,3,0,132,1.1881757060924198,0.4869939388512906
602,2,1,9,0.5533333333333337,2,0,128,0.2547599531891235,0.4031081206562856
569,0,0,8,0.6266666666666669,0,1,159,-0.9431524206927162,1.073987502640332
743,2,0,48,0.6000000000000005,0,1,152,0.0224646439738915,0.9084578685373852
17,1,2,21,0.8066666666666666,0,0,15,-0.5926264243101261,-1.876358561894595
127,2,0,17,0.7733333333333334,3,0,10,0.8602899567602633,-5.199337582605575
322,0,0,89,0.6466666666666665,1,1,45,1.1412987432678412,-0.9084578685373852
255,2,0,6,0.3666666666666667,0,1,69,-0.2364866974043851,-0.5157047936930385
657,1,2,38,0.5,0,0,146,0.6216492143424849,0.7478585947633022
964,0,2,25,0.5066666666666668,3,0,180,-0.8789109201677369,5.19933758270342
190,0,1,98,0.6266666666666669,2,1,51,0.9112780359634136,-0.7817807527650722
115,2,1,32,0.5,3,1,53,0.723126066248079,-0.7485868171393245
616,1,0,34,0.0266666666666668,0,0,80,-1.188709260879018,-0.3353332195143981
606,2,2,93,0.6266666666666669,2,1,154,-0.95835090625037,0.9474012715571222
180,2,0,39,0.9466666666666668,1,0,56,-1.0020504849649363,-0.709677673401031
301,1,1,53,0.1133333333333332,2,0,110,1.627470836129854,0.1163093099640861
759,0,1,39,0.0,3,1,67,1.2891936852633883,-0.5448472393466709
712,0,2,62,0.0133333333333336,2,1,152,1.046245316197905,0.9084578685373852
723,1,1,8,0.9266666666666667,0,1,138,0.1726905934858603,0.5744599931693581
685,2,0,68,0.4866666666666672,3,0,108,-0.7899151443525342,0.0887344802994151
979,0,2,29,0.48,3,0,99,-0.2755151108484827,-0.0506606167658764
517,2,0,35,0.2800000000000002,0,1,166,1.0486580887516757,1.3035115013095302
984,2,2,54,0.8066666666666666,3,1,149,-1.1198846218256906,0.8344270065319034
45,1,1,25,0.1800000000000001,0,0,91,-0.3864622210281754,-0.1781745977224104
909,1,1,43,0.1600000000000001,1,1,25,0.8381438517559261,-1.3761195610719854
157,1,1,2,0.8000000000000003,1,1,38,0.0407797549808424,-1.0517172529984826
851,2,1,68,0.6000000000000005,3,1,88,0.3155517569656867,-0.2169044259817106
171,2,1,87,0.5733333333333337,3,0,87,0.2224916807687896,-0.2359544530967806
16,0,2,35,0.286666666666667,0,1,54,1.3582380540068504,-0.7326562468998601
511,2,2,50,0.5066666666666668,3,1,141,0.5409297486933031,0.6352697098765966
48,1,2,83,0.6600000000000001,3,0,32,0.437736025404695,-1.168948844531482
971,1,2,94,0.6266666666666669,3,0,74,1.8406581566582356,-0.4307272992954574
940,1,0,92,0.4066666666666672,0,0,73,-1.9132237025083645,-0.4446597559886717
515,2,2,99,0.9733333333333336,1,0,83,-0.2776024771241345,-0.2954151418352379
952,0,2,7,0.8333333333333335,0,1,140,-1.1956687460867297,0.6045853465832371
480,0,2,100,0.4666666666666668,2,0,103,1.4728180151632242,0.0126600769403141
283,2,1,64,0.56,2,1,129,-0.3833143838346571,0.4307272992954577
718,0,1,97,0.0666666666666668,0,1,67,-0.3309075583826328,-0.5448472393466709
877,2,2,64,0.6333333333333337,0,0,147,0.2012096065003581,0.7647096737863871
225,2,2,64,0.7000000000000002,3,1,10,-1.5418401695426125,-5.199337582605575
26,0,0,66,0.5933333333333333,2,1,30,0.1624784053635303,-1.2477538553513248
954,0,0,65,0.0533333333333336,3,1,89,-0.575370695308781,-0.2039611757513142
437,2,1,13,0.8466666666666667,2,1,132,0.7286616266668284,0.4869939388512906
951,1,1,28,0.2733333333333334,1,0,105,-0.7899151443525342,0.0379883512302825
364,1,1,41,0.2600000000000002,2,0,168,-1.4478332755685075,1.3996566480498198
229,2,1,2,0.4933333333333336,2,1,128,1.0383877990880626,0.4031081206562856
37,0,0,65,0.92,1,1,101,0.7947678553558875,-0.012660076940314
965,0,1,30,0.4066666666666672,0,1,89,0.94052003243046,-0.2039611757513142
374,0,1,5,0.5666666666666664,1,1,100,0.1175338952899929,-0.0379883512302822
469,1,2,69,0.5800000000000001,2,0,110,0.3860356691584327,0.1163093099640861
967,2,1,20,0.06,1,1,138,1.4824330627974718,0.5744599931693581
850,2,1,97,0.8533333333333335,1,1,137,-0.0787483332410042,0.5631696007650334
704,0,1,1,0.56,3,0,99,-0.0787483332410042,-0.0506606167658764
841,2,1,60,0.246666666666667,3,1,79,-0.8789109201677369,-0.3487556955170447
194,1,2,67,0.48,1,1,47,-1.1769236414283757,-0.8708457453650698
854,2,0,37,0.8333333333333335,3,0,76,-0.1249186783469651,-0.4031081206562855
864,1,2,100,0.9333333333333336,3,1,94,0.7947678553558875,-0.1397102988818619
503,2,0,60,0.2733333333333334,1,1,145,-0.9328355693037008,0.7312172511297167
969,1,0,71,0.2200000000000002,2,1,51,-0.360532971137103,-0.7817807527650722
830,2,0,84,0.6466666666666665,3,0,139,-0.8383233631606771,0.5894557978497786
579,0,0,65,0.0266666666666668,3,0,53,-0.7311831668592528,-0.7485868171393245
968,1,1,4,0.92,1,1,109,0.1924992108130931,0.102057646376773
162,1,1,98,0.3266666666666671,3,0,140,-0.2632751538557929,0.6045853465832371
908,1,1,39,0.6733333333333333,2,1,55,0.0974701135473511,-0.7209186037996784
152,2,2,84,0.92,1,1,140,-0.3051417523472806,0.6045853465832371
801,2,0,1,0.4066666666666672,2,1,83,0.7859423914870779,-0.2954151418352379
993,2,0,58,0.48,1,0,156,-0.0250259473006236,1.0008089290180355
755,0,1,11,0.1666666666666669,2,0,179,-1.2850967063375007,2.3225745319461946
111,1,1,88,0.4266666666666667,0,0,47,0.437736025404695,-0.8708457453650698
226,2,2,74,1.0,3,1,175,-0.1145050007711539,1.8763585618945955
688,2,1,75,0.5933333333333333,3,1,19,-1.0020504849649363,-1.6084159635399504
103,2,1,26,0.8999999999999999,1,1,152,-1.454166093373456,0.9084578685373852
421,2,2,6,0.9933333333333336,1,0,10,1.3616589577035842,-5.199337582605575
419,2,2,28,0.92,0,1,116,0.915994922309294,0.2359544530967802
750,1,2,74,0.4533333333333331,1,1,159,-0.4001461907930558,1.073987502640332
586,0,0,2,0.5333333333333332,1,0,22,-1.2357511538189585,-1.5089438550380376
780,0,0,100,0.6400000000000001,3,1,33,-1.7674869554529404,-1.1523963281637326
672,1,1,95,0.8933333333333335,0,0,180,-0.8789109201677369,5.19933758270342
119,2,2,56,0.0533333333333336,3,0,89,0.3993949298480198,-0.2039611757513142
53,1,0,18,0.2400000000000002,0,1,112,1.92094936662956,0.1653266691658971
151,0,2,65,0.4600000000000004,1,0,112,1.0543911962589785,0.1653266691658971
403,2,1,39,0.6733333333333333,0,0,137,-1.31935919611966,0.5631696007650334
945,0,1,41,0.7133333333333338,2,0,76,-0.1973354938814488,-0.4031081206562855
207,2,0,90,0.0733333333333332,1,1,146,0.5576796760090812,0.7478585947633022
658,1,1,60,0.286666666666667,3,0,162,1.275989469652601,1.1689488445314824
843,2,0,78,0.02,1,0,153,1.496105899047125,0.9277536853574254
762,1,1,71,0.4333333333333335,3,1,154,-0.9075444656470886,0.9474012715571222
8,0,2,71,0.1600000000000001,1,0,128,-1.2808673130679444,0.4031081206562856
807,1,1,1,0.2800000000000002,1,0,62,-1.2131910665055703,-0.6278092970790504
36,1,0,52,0.5533333333333337,0,1,94,-0.1491504126676696,-0.1397102988818619
452,0,1,42,0.5933333333333333,2,0,56,1.6314764808525066,-0.709677673401031
651,0,0,91,0.56,1,1,21,-1.8666581437823933,-1.5497059007365892
253,0,2,99,0.5333333333333332,0,0,95,-1.4147978708787756,-0.1141852943214282
303,0,1,29,0.6600000000000001,3,0,79,0.0647493097611295,-0.3487556955170447
746,1,0,66,0.7266666666666666,2,0,134,-0.4942088891342914,0.5157047936930386
571,0,0,11,0.1466666666666669,3,0,52,1.164118623432367,-0.7647096737863871
623,0,2,60,0.5333333333333332,3,1,62,-1.247535716822598,-0.6278092970790504
732,2,1,82,0.746666666666667,0,1,72,0.0974701135473511,-0.4586790696940935
891,2,2,55,0.3866666666666667,0,1,137,0.5576796760090812,0.5631696007650334
262,2,1,15,0.9600000000000004,0,0,163,1.5010332617857445,1.1943956635681563
610,0,0,58,0.5466666666666669,1,1,142,-1.776945367777528,0.6665642591979043
297,1,2,85,0.6400000000000001,0,1,37,-0.1600107389508462,-1.0739875026403314
414,2,0,26,0.2000000000000001,2,0,30,1.6982543861008887,-1.2477538553513248
150,2,2,82,0.4199999999999999,0,0,10,0.1045257864638388,-5.199337582605575
788,1,0,15,0.4733333333333336,0,0,86,0.3541302398124828,-0.2530566113893796
640,1,1,87,0.1533333333333333,1,1,172,0.1067922451364631,1.6399762701332197
889,1,2,24,0.3266666666666671,0,1,161,-0.8032789543453902,1.1202053547494892
550,2,2,15,0.1133333333333332,3,1,70,-0.254079504069667,-0.4869939388512903
886,0,0,17,0.6000000000000005,2,0,141,-0.7458218361983279,0.6352697098765966
488,0,0,17,0.98,1,1,143,-1.8259993087184008,0.6824578366693302
147,1,1,73,0.9266666666666667,3,0,125,-1.1664152021102354,0.348755695517045
146,1,0,62,0.9666666666666668,3,1,13,1.363205994352543,-2.0495942663939903
720,2,0,40,0.06,2,1,151,-1.7945801905293242,0.8708457453650702
931,2,2,95,0.3200000000000003,3,1,100,1.3310546119597768,-0.0379883512302822
739,0,0,75,0.6466666666666665,2,1,154,-1.2227000402014434,0.9474012715571222
659,2,2,10,0.9400000000000004,1,0,16,1.766663127726932,-1.7460165226992128
348,1,1,73,0.3800000000000003,0,1,131,0.6148217297536884,0.4727891209922675
463,0,1,54,0.4133333333333335,2,1,168,0.3541302398124828,1.3996566480498198
325,2,2,11,0.6600000000000001,0,1,96,0.9979296580658614,-0.1014516726419472
186,2,2,72,0.1733333333333333,0,1,87,1.282933062336867,-0.2359544530967806
123,2,0,10,0.2533333333333334,2,1,108,0.0224646439738915,0.0887344802994151
853,2,0,62,0.3000000000000002,2,1,135,1.5274588243530178,0.5370315931394972
608,1,0,100,0.92,3,0,101,1.089687737973139,-0.012660076940314
143,1,1,69,0.6933333333333334,0,0,52,1.2963920337960604,-0.7647096737863871
958,0,0,34,0.8533333333333335,2,0,66,-0.1438905814137468,-0.5744599931693578
197,1,0,100,0.4199999999999999,2,0,134,-1.7736019759563482,0.5157047936930386
609,2,1,70,0.3466666666666667,2,1,66,-0.575370695308781,-0.5744599931693578
279,1,2,19,0.9133333333333336,2,0,144,-1.0418999106498337,0.6985257103450605
293,1,1,19,0.9466666666666668,0,0,169,0.3541302398124828,1.4705452438880635
400,1,0,37,0.4866666666666672,2,1,71,-1.279708072064473,-0.4727891209922672
122,1,1,100,0.1333333333333337,0,0,127,0.9758740924549082,0.3799767094788889
183,1,2,34,0.6000000000000005,2,1,24,-1.4980589164911289,-1.3996566480498192
202,2,0,54,0.7333333333333334,3,1,52,0.3111716404861467,-0.7647096737863871
438,2,2,66,0.1933333333333333,3,1,37,0.1381675342997712,-1.0739875026403314
246,0,2,93,0.8999999999999999,1,0,99,-1.0020504849649363,-0.0506606167658764
415,1,2,100,0.0666666666666668,3,1,172,-0.6815686481577996,1.6399762701332197
932,2,2,94,0.6799999999999997,2,0,34,-0.9197261665160108,-1.1361536714782252
765,1,2,62,0.8266666666666671,1,1,129,0.2726031492406568,0.4307272992954577
906,0,2,31,0.2800000000000002,0,1,110,-0.8789109201677369,0.1163093099640861
835,1,2,13,0.4266666666666667,2,1,36,0.7947678553558875,-1.0968035620935137
887,0,1,18,0.4400000000000004,2,1,45,-0.1145050007711539,-0.9084578685373852
129,2,0,22,0.9933333333333336,3,1,154,-0.5215134566462906,0.9474012715571222
637,1,1,67,0.2933333333333334,1,1,162,-0.5122184505034646,1.1689488445314824
402,2,0,49,0.48,0,1,23,1.7408002939498404,-1.4705452438880622
784,1,2,80,0.8866666666666667,1,0,109,-1.1273131572438444,0.102057646376773
770,1,0,88,0.3733333333333331,3,0,93,-1.200262704232153,-0.1525059742462442
735,2,1,46,0.9066666666666672,3,0,128,0.7115058013433322,0.4031081206562856
913,1,1,24,0.4600000000000004,2,0,102,-1.304404326771893,0.0
219,2,2,22,0.7133333333333338,0,0,53,-0.1944833106108752,-0.7485868171393245
641,0,2,80,0.8000000000000003,2,0,69,1.3443101994161273,-0.5157047936930385
915,2,1,80,0.5133333333333332,0,0,134,0.1773991383000511,0.5157047936930386
752,2,2,62,0.9866666666666672,1,0,38,-1.4009062025180594,-1.0517172529984826
806,2,2,35,0.9333333333333336,3,1,108,0.3541302398124828,0.0887344802994151
919,2,2,54,0.3933333333333335,2,0,161,0.5409297486933031,1.1202053547494892
624,0,2,86,0.6266666666666669,2,1,129,1.089687737973139,0.4307272992954577
874,0,1,18,0.5200000000000005,1,1,123,0.3541302398124828,0.3219708901819885
760,2,2,39,0.1400000000000001,0,1,97,-0.1145050007711539,-0.088734480299415
386,0,2,47,0.8000000000000003,0,0,142,-0.261128469789986,0.6665642591979043
972,2,0,51,0.5133333333333332,3,1,138,-1.308183100677505,0.5744599931693581
509,2,0,53,0.6533333333333338,3,1,148,-1.073364295055775,0.799082762135179
267,1,0,37,0.1400000000000001,1,1,171,-0.2072588667876596,1.5497059007365892
819,0,1,39,0.7533333333333334,1,0,101,0.3541302398124828,-0.012660076940314
441,2,1,77,0.1133333333333332,0,1,179,1.2000295432187522,2.3225745319461946
496,1,2,52,0.5466666666666669,1,0,36,1.33884683105188,-1.0968035620935137
112,1,0,63,0.7133333333333338,3,1,43,1.210681892387978,-0.967421566101701
691,0,0,32,0.8333333333333335,3,0,12,1.363205994352543,-2.166106752892329
232,2,2,59,0.5466666666666669,3,0,42,-1.994992673657795,-0.9878373274485251
869,2,0,37,0.5333333333333332,3,1,103,0.1310944744212446,0.0126600769403141
607,1,2,71,0.1466666666666669,3,0,121,-0.0077531191844385,0.2954151418352382
671,0,1,93,0.206666666666667,1,0,129,-1.152627228249244,0.4307272992954577
373,2,0,85,0.48,3,0,131,0.4667758336059123,0.4727891209922675
981,0,0,6,0.1733333333333333,1,0,28,-1.994992673657795,-1.3024548499458035
842,2,1,38,0.8533333333333335,0,1,144,-1.0691272707238173,0.6985257103450605
233,1,0,88,0.0666666666666668,1,1,71,-1.106285361789525,-0.4727891209922672
785,0,0,95,0.9866666666666672,1,1,61,0.9979296580658614,-0.6435530249586763
676,2,1,86,0.0333333333333332,3,0,15,-0.9917088053261626,-1.876358561894595
317,1,2,95,0.8200000000000003,2,0,162,0.5853206059259511,1.1689488445314824
648,0,0,54,0.8200000000000003,3,1,145,1.3443101994161273,0.7312172511297167
410,1,1,94,0.2200000000000002,3,0,28,0.0787903381200013,-1.3024548499458035
898,0,1,22,0.6133333333333333,2,0,151,0.2452258897925489,0.8708457453650702
709,0,0,21,0.7533333333333334,3,0,172,-1.7620314999767852,1.6399762701332197
358,0,2,28,0.9533333333333333,3,0,141,-0.2689273296471644,0.6352697098765966
258,2,0,8,0.4866666666666672,2,1,90,-0.9350911299917803,-0.1910520061461741
744,2,2,16,0.7266666666666666,0,1,157,0.1235423774455847,1.0299567622253682
627,1,0,47,0.8933333333333335,1,0,125,0.0519057863361177,0.348755695517045
632,2,1,82,0.1533333333333333,0,1,90,-0.5189587051526253,-0.1910520061461741
282,1,2,19,0.5466666666666669,3,0,176,0.3541302398124828,1.9556614355881687
376,0,1,30,0.6266666666666669,3,0,115,-0.5122184505034646,0.2169044259817107
384,0,1,25,0.746666666666667,3,1,45,1.859114027543368,-0.9084578685373852
224,2,0,88,0.2533333333333334,3,0,164,-0.6611772022479488,1.22064034884735
953,0,1,6,0.7533333333333334,0,0,38,-1.353105184801814,-1.0517172529984826
814,1,1,56,0.766666666666667,1,1,86,0.8039617315271639,-0.2530566113893796
472,1,1,73,0.766666666666667,0,1,165,1.467928621727904,1.2710701213098332
347,2,2,23,0.6266666666666669,1,1,136,-0.1684687893889285,0.5519505461602383
505,0,0,46,0.1933333333333333,3,0,78,-1.2412533997613096,-0.3622413028447364
639,2,1,91,0.4866666666666672,1,1,86,0.4468410079133236,-0.2530566113893796
987,0,1,92,0.2000000000000001,1,1,67,0.1522520327630103,-0.5448472393466709
928,2,2,45,0.9933333333333336,0,0,159,0.5461981010119787,1.073987502640332
905,2,1,12,0.9666666666666668,1,1,133,1.0012089363671184,0.501297710767729
619,1,0,72,0.4533333333333331,3,1,113,0.0450467237690275,0.1781745977224104
855,0,1,97,0.0066666666666668,2,0,100,0.2547599531891235,-0.0379883512302822
803,0,2,68,0.5733333333333337,3,0,32,-0.7708150075910525,-1.168948844531482
645,0,2,78,0.8666666666666667,0,1,141,-1.740653652589041,0.6352697098765966
846,2,0,60,0.0666666666666668,2,1,104,0.7041572845508952,0.0253221834133464
556,2,2,69,0.1200000000000001,2,0,55,-0.2364866974043851,-0.7209186037996784
957,2,1,0,0.3000000000000002,0,0,97,-0.7158057404718062,-0.088734480299415
577,2,0,6,0.3466666666666667,1,1,171,-0.2446914184597747,1.5497059007365892
795,0,1,87,0.8266666666666671,0,1,20,1.3143447018209249,-1.5783809694989035
85,0,1,18,0.7733333333333334,2,1,140,0.1677242711481218,0.6045853465832371
242,1,2,10,0.9466666666666668,2,0,103,0.1112038726795531,0.0126600769403141
698,0,0,98,0.5666666666666664,2,0,76,-0.5926264243101261,-0.4031081206562855
159,1,1,42,0.56,0,1,158,-1.2996425950660206,1.0517172529984828
524,1,0,73,0.9400000000000004,2,1,73,-0.5215134566462906,-0.4446597559886717
35,0,2,97,0.1200000000000001,2,1,91,0.1137761011321694,-0.1781745977224104
540,1,2,16,0.3999999999999999,3,0,147,-0.5215134566462906,0.7647096737863871
170,2,0,76,0.5666666666666664,2,0,72,-1.7810717572533088,-0.4586790696940935
654,2,0,6,0.1133333333333332,1,0,178,0.4815259243691159,2.166106752892329
890,0,2,53,0.3066666666666666,1,1,126,-0.7274818342974665,0.3635934533154041
857,1,0,8,0.666666666666667,1,0,46,0.0407797549808424,-0.8894945075306337
847,2,2,61,0.2666666666666666,1,1,172,0.6715259315962625,1.6399762701332197
944,1,2,38,0.8800000000000003,3,1,155,-0.1145050007711539,0.9733840804101448
733,0,0,71,0.4066666666666672,2,0,111,0.4121118674067926,0.1397102988818621
95,1,0,20,0.04,0,1,105,0.7041572845508952,0.0379883512302825
563,0,2,97,0.5,2,0,121,0.4121118674067926,0.2954151418352382
240,0,0,56,0.3399999999999998,1,1,151,1.786930029596213,0.8708457453650702
742,2,2,95,0.0,3,0,164,0.8923029185288697,1.22064034884735
574,2,0,27,0.2133333333333333,2,0,158,0.4187094340205234,1.0517172529984828
690,0,2,49,0.7266666666666666,2,0,111,-0.2030172367862398,0.1397102988818621
460,1,2,88,0.4400000000000004,2,0,151,0.7277992139075131,0.8708457453650702
553,2,0,42,0.7000000000000002,1,1,138,1.75653048434882,0.5744599931693581
888,2,2,90,0.1400000000000001,2,1,151,0.1884548049294613,0.8708457453650702
206,0,2,11,0.8666666666666667,0,1,119,0.2077819135196917,0.2652074277554033
392,1,2,64,0.98,3,1,152,1.5725530863234891,0.9084578685373852
794,0,2,79,0.5066666666666668,2,1,133,-0.7412756531948941,0.501297710767729
397,1,2,22,0.2733333333333334,3,0,180,1.2497245847026144,5.19933758270342
766,1,0,48,0.5066666666666668,2,0,154,-1.6663267590951008,0.9474012715571222
848,2,1,55,0.7333333333333334,2,0,100,0.803492932048623,-0.0379883512302822
217,1,0,88,0.2266666666666665,2,0,167,1.5618409942866889,1.3351777361189376
4,0,1,74,0.1800000000000001,0,0,149,-0.7087193936574856,0.8344270065319034
768,1,2,82,0.08,1,1,146,-0.8996038853033438,0.7478585947633022
642,2,1,43,0.1933333333333333,0,1,106,-1.0611840564034232,0.0526621924407999
929,1,1,79,0.5333333333333332,3,0,24,-0.0342959793575777,-1.3996566480498192
612,2,0,11,0.1800000000000001,1,0,111,0.6021615820215491,0.1397102988818621
738,2,2,65,0.7933333333333339,0,1,107,-0.8003289462070146,0.068778483545522
546,2,2,99,0.4600000000000004,2,0,76,0.5461981010119787,-0.4031081206562855
725,0,1,11,0.6000000000000005,0,0,83,0.3541302398124828,-0.2954151418352379
683,2,0,91,0.8800000000000003,2,0,47,0.0224646439738915,-0.8708457453650698
98,2,2,92,0.6066666666666669,0,1,138,0.1112038726795531,0.5744599931693581
804,2,0,1,0.8000000000000003,0,1,21,0.9824976382179258,-1.5497059007365892
727,2,1,79,0.3666666666666667,2,0,83,-1.0487711036048075,-0.2954151418352379
573,1,1,26,0.9933333333333336,3,0,33,-0.6080255206860748,-1.1523963281637326
406,1,0,62,0.9866666666666672,2,0,130,0.0707701759085713,0.4586790696940937
502,0,2,51,0.6000000000000005,0,0,160,-1.8511544585922244,1.0968035620935137
47,2,1,67,0.06,1,1,96,-0.5711547521748026,-0.1014516726419472
32,2,0,39,0.7599999999999998,0,1,48,-0.982969635006127,-0.8344270065319033
779,2,1,95,1.0,1,0,167,0.4152330728607898,1.3351777361189376
839,0,2,89,0.1066666666666669,1,0,93,-1.36913753919603,-0.1525059742462442
200,1,2,6,0.9600000000000004,3,1,71,1.3111269614665504,-0.4727891209922672
134,0,2,80,0.2000000000000001,0,0,93,-0.254079504069667,-0.1525059742462442
27,2,2,76,0.8000000000000003,3,0,158,1.5010332617857445,1.0517172529984828
880,2,2,13,0.4666666666666668,3,1,65,-1.5597781088479796,-0.5894557978497783
230,0,2,1,0.6799999999999997,2,1,36,1.1795013405518324,-1.0968035620935137
489,2,1,91,0.1666666666666669,3,0,97,-1.5562534402989483,-0.088734480299415
772,1,1,13,0.3600000000000003,0,0,60,0.8220228409524009,-0.6665642591979041
378,2,2,32,0.8733333333333331,0,0,112,-1.2996425950660206,0.1653266691658971
288,1,2,73,0.8666666666666667,2,0,124,-0.9153026494641568,0.3353332195143984
418,1,2,20,0.5933333333333333,3,1,87,0.5946526516127224,-0.2359544530967806
674,1,1,88,0.7866666666666666,0,1,31,0.7947678553558875,-1.2206403488473496
391,2,1,62,0.8800000000000003,0,0,162,1.2290456061576058,1.1689488445314824
592,1,1,97,0.4199999999999999,2,1,169,0.8206487253524459,1.4705452438880635
498,0,0,16,0.5866666666666669,1,1,46,1.3047558491926754,-0.8894945075306337
138,1,0,15,0.98,3,0,90,-1.5836147448587796,-0.1910520061461741
62,2,2,88,0.7599999999999998,3,1,29,0.2452258897925489,-1.2758170414017849
471,0,2,69,0.7000000000000002,1,1,65,1.3534382816404813,-0.5894557978497783
647,1,1,13,0.6266666666666669,3,0,35,0.7947678553558875,-1.1202053547494892
128,0,2,12,0.5800000000000001,0,1,140,1.3646575370941696,0.6045853465832371
976,2,2,52,0.7400000000000002,0,0,29,1.363205994352543,-1.2758170414017849
520,0,1,69,0.6600000000000001,2,1,132,-1.2731701160774616,0.4869939388512906
838,2,0,52,0.6799999999999997,3,0,92,0.5576796760090812,-0.1653266691658968
962,0,1,92,0.5133333333333332,3,1,99,0.4254744966689304,-0.0506606167658764
64,0,1,91,0.7133333333333338,3,0,164,1.6433540446173514,1.22064034884735
812,0,0,17,0.1266666666666669,2,0,164,-1.0225339138678406,1.22064034884735
14,0,1,74,0.9666666666666668,0,1,102,-1.1172923207823124,0.0
156,1,1,84,0.5866666666666669,2,1,175,0.91215640672541,1.8763585618945955
40,2,2,88,0.1533333333333333,3,1,92,0.3541302398124828,-0.1653266691658968
492,0,2,59,0.6266666666666669,2,1,147,-1.6663267590951008,0.7647096737863871
379,2,1,90,0.5333333333333332,3,0,145,0.3155517569656867,0.7312172511297167
187,1,1,94,0.206666666666667,1,1,139,1.5274588243530178,0.5894557978497786
763,2,2,88,0.4733333333333336,1,1,65,-1.0020504849649363,-0.5894557978497783
216,2,2,89,0.06,3,0,27,-1.9990883016374328,-1.330050347161969
791,2,2,63,0.4199999999999999,2,0,49,-0.575370695308781,-0.8166273608486048
52,0,2,70,0.9466666666666668,1,0,65,0.3541302398124828,-0.5894557978497783
878,2,1,75,0.7066666666666666,1,1,111,-0.0843238452188884,0.1397102988818621
337,0,0,57,0.5133333333333332,2,1,69,-0.9690087852128256,-0.5157047936930385
748,2,0,60,0.7533333333333334,0,0,111,-0.177209922379474,0.1397102988818621
719,1,0,100,0.48,2,1,173,0.5335477434071341,1.6906216295848986
724,0,2,33,0.3133333333333334,2,0,47,0.900949388136466,-0.8708457453650698
295,0,2,43,0.8733333333333331,3,0,24,-1.8859292370980616,-1.3996566480498192
701,2,0,92,0.1400000000000001,3,0,105,-1.0562471734997398,0.0379883512302825
251,2,2,51,0.7533333333333334,3,1,32,-0.8789109201677369,-1.168948844531482
726,2,2,92,0.1533333333333333,3,1,125,-1.02970048582349,0.348755695517045
461,0,1,78,0.206666666666667,3,1,106,1.5466103435778145,0.0526621924407999
455,1,1,73,0.04,2,1,51,0.437736025404695,-0.7817807527650722
996,2,1,92,0.7000000000000002,2,1,94,-0.3844009840954842,-0.1397102988818619
815,0,1,26,0.0466666666666668,0,0,122,1.1881757060924198,0.3086658056949343
862,2,0,46,0.2266666666666665,2,0,103,0.4614505427856546,0.0126600769403141
269,2,0,74,0.3200000000000003,1,1,32,-1.451362358414185,-1.168948844531482
201,1,2,66,0.6000000000000005,3,0,77,0.9979296580658614,-0.3757931145253796
161,0,0,10,0.9533333333333333,3,1,148,-0.2228325395082773,0.799082762135179
555,2,2,53,0.2933333333333334,1,0,117,-0.6014971997777034,0.2482750931071163
729,2,0,31,0.206666666666667,0,1,140,0.6977343022061819,0.6045853465832371
401,1,1,53,0.7333333333333334,1,1,38,-0.1893302544867192,-1.0517172529984826
702,2,2,36,0.7266666666666666,2,0,18,1.3316863647676227,-1.639976270133218
476,0,2,25,0.6066666666666669,3,1,74,-0.5181443345034192,-0.4307272992954574
821,2,2,63,0.8933333333333335,0,0,16,1.975120270607052,-1.7460165226992128
771,2,2,55,0.6200000000000001,3,0,153,-0.360532971137103,0.9277536853574254
105,0,0,25,0.7866666666666666,0,1,16,0.2193658172447961,-1.7460165226992128
565,1,2,59,0.8133333333333335,2,1,49,-0.4033762247329466,-0.8166273608486048
389,2,1,41,0.4866666666666672,1,0,134,0.087417667391605,0.5157047936930386
1,1,2,72,0.3733333333333331,1,0,43,1.0982512123502577,-0.967421566101701
937,2,2,27,0.4133333333333335,0,1,68,1.0500508212666295,-0.5302197258242277
982,0,0,3,0.5466666666666669,3,1,116,-0.0103072956052455,0.2359544530967802
561,1,0,26,0.4533333333333331,2,0,32,-1.2547766547883492,-1.168948844531482
80,0,2,67,0.206666666666667,0,1,82,0.4614505427856546,-0.308665805694934
205,2,2,77,0.2733333333333334,1,0,89,0.1235423774455847,-0.2039611757513142
34,1,1,34,0.0533333333333336,2,0,77,0.2193658172447961,-0.3757931145253796
775,0,0,39,0.3133333333333334,1,1,123,-1.2996425950660206,0.3219708901819885
508,2,0,53,0.1200000000000001,3,1,124,0.0450467237690275,0.3353332195143984
427,0,0,88,0.0,0,0,146,-0.8789109201677369,0.7478585947633022
454,1,1,84,0.9933333333333336,3,0,149,1.919148144710612,0.8344270065319034
366,2,1,62,0.9133333333333336,3,0,166,1.132818849547057,1.3035115013095302
91,0,0,40,0.1333333333333337,1,1,80,1.5725530863234891,-0.3353332195143981
339,1,2,55,0.6200000000000001,2,1,131,-0.6895196736144571,0.4727891209922675
897,1,0,49,0.5466666666666669,0,0,113,-1.975366100608689,0.1781745977224104
564,1,0,72,0.7066666666666666,2,0,113,1.6740403584299028,0.1781745977224104
345,0,2,33,0.9866666666666672,0,0,110,-1.788354975733527,0.1163093099640861
776,2,1,13,0.1933333333333333,3,0,118,1.428790609793887,0.2567320595114773
241,0,1,56,0.3333333333333335,3,1,26,0.900949388136466,-1.3533210751663085
13,1,2,88,0.48,3,1,83,1.0746128547590694,-0.2954151418352379
315,1,1,74,0.6799999999999997,2,1,56,-0.9197261665160108,-0.709677673401031
600,1,0,62,0.7266666666666666,3,0,161,-1.0020504849649363,1.1202053547494892
387,2,0,31,0.8866666666666667,2,1,60,-1.7417060047472337,-0.6665642591979041
273,2,2,57,0.1533333333333333,2,1,133,-1.4244774042294177,0.501297710767729
166,2,2,37,0.4333333333333335,3,0,84,0.6134978448674657,-0.2822161470625079
840,2,1,34,0.4199999999999999,1,1,99,1.4569740850804402,-0.0506606167658764
992,1,2,2,0.206666666666667,1,1,160,0.3180071921123327,1.0968035620935137
646,0,2,87,0.02,2,1,170,1.3047558491926754,1.5089438550380383
818,0,1,96,0.666666666666667,2,1,68,0.2477769059011632,-0.5302197258242277
484,2,1,59,0.6333333333333337,3,0,173,-0.6261528554586866,1.6906216295848986
980,2,2,97,0.6200000000000001,3,0,177,-1.6016899788553725,2.049594266393992
504,1,2,70,0.1266666666666669,1,1,46,-0.3171477249726543,-0.8894945075306337
831,1,0,18,0.5266666666666668,1,0,26,-1.2462089961953295,-1.3533210751663085
243,1,2,80,0.1600000000000001,3,0,85,0.8469650176893423,-0.2690661378543141
566,0,2,97,0.8666666666666667,2,0,130,-0.1525558434186821,0.4586790696940937
875,2,2,36,0.6733333333333333,1,1,10,-0.0706460479567364,-5.199337582605575
562,0,2,69,0.9333333333333336,1,0,107,0.8146379727850576,0.068778483545522
686,1,2,9,0.7866666666666666,3,1,135,1.1599469963923863,0.5370315931394972
189,1,1,69,0.2400000000000002,1,1,175,-0.6895196736144571,1.8763585618945955
782,1,1,54,0.4666666666666668,2,1,13,-1.1273131572438444,-2.0495942663939903
699,0,2,27,0.8200000000000003,2,1,141,-1.0100670685580748,0.6352697098765966
475,1,0,75,0.0733333333333332,2,1,155,-1.4009062025180594,0.9733840804101448
681,0,1,25,0.2000000000000001,1,1,13,-1.3792883395368736,-2.0495942663939903
510,0,2,73,0.0266666666666668,3,0,75,1.5915791188260993,-0.4168779579954071
58,2,0,14,0.8933333333333335,3,0,89,-0.516567832294367,-0.2039611757513142
474,0,2,80,0.7333333333333334,3,1,172,1.1568796110548676,1.6399762701332197
560,0,1,23,0.3000000000000002,2,1,55,-0.9328355693037008,-0.7209186037996784
856,1,2,16,0.6400000000000001,1,1,86,-0.414345909223745,-0.2530566113893796
747,0,2,9,0.8600000000000003,0,1,167,0.5934451481069899,1.3351777361189376
252,2,2,10,0.1,3,1,168,0.4827287144520821,1.3996566480498198
21,1,2,79,0.6533333333333338,3,0,15,0.3541302398124828,-1.876358561894595
313,0,2,76,0.5933333333333333,1,0,110,1.766663127726932,0.1163093099640861
459,1,2,32,0.9133333333333336,1,1,85,0.5090580390362962,-0.2690661378543141
160,0,2,57,0.1200000000000001,3,0,67,-0.1525558434186821,-0.5448472393466709
276,2,1,20,0.04,3,1,134,-0.2030172367862398,0.5157047936930386
955,2,2,2,0.8066666666666666,2,1,28,-1.6556007913602426,-1.3024548499458035
191,1,2,84,0.9866666666666672,1,1,172,-1.02970048582349,1.6399762701332197
385,0,2,36,0.4133333333333335,0,1,13,-1.6588530509815829,-2.0495942663939903
805,0,1,69,0.4933333333333336,0,1,176,-0.2072588667876596,1.9556614355881687
413,0,1,36,0.1466666666666669,1,1,23,-1.0611840564034232,-1.4705452438880622
491,1,2,4,0.0866666666666668,3,1,123,0.3541302398124828,0.3219708901819885
343,0,0,96,0.1,3,1,163,-1.3792883395368736,1.1943956635681563
769,2,0,11,0.4600000000000004,3,0,79,0.3541302398124828,-0.3487556955170447
308,2,1,11,0.9066666666666672,0,0,133,0.2547599531891235,0.501297710767729
661,0,2,45,0.6133333333333333,1,1,130,0.3541302398124828,0.4586790696940937
130,1,0,32,0.0533333333333336,3,0,148,-1.3877168933455422,0.799082762135179
663,2,0,87,0.5200000000000005,0,1,170,1.933976975090937,1.5089438550380383
871,0,1,56,0.8933333333333335,1,1,144,0.1346879891769607,0.6985257103450605
99,1,1,46,0.8133333333333335,2,0,45,-0.2097957963635286,-0.9084578685373852
372,2,1,74,0.4733333333333336,2,1,160,-0.599435350963161,1.0968035620935137
87,0,0,33,0.4199999999999999,3,1,48,0.0838895283270039,-0.8344270065319033
458,0,0,21,0.5800000000000001,3,1,57,-0.7129260812019922,-0.6985257103450601
330,0,0,33,0.5533333333333337,0,0,175,1.761303647115234,1.8763585618945955
214,0,2,86,0.08,0,1,69,0.8469650176893423,-0.5157047936930385
466,0,1,53,0.4333333333333335,1,0,143,-0.215310084079097,0.6824578366693302
121,0,2,31,0.8066666666666666,3,0,71,-0.3051417523472806,-0.4727891209922672
614,2,1,75,0.0466666666666668,3,1,136,1.3673074520738782,0.5519505461602383
20,2,1,6,0.9666666666666668,0,1,11,0.2108606649957493,-2.322574531946193
700,0,1,55,0.1066666666666669,3,1,103,-1.3845231037480834,0.0126600769403141
71,2,0,61,0.5933333333333333,3,0,15,1.6130261210949342,-1.876358561894595
106,0,1,11,0.5733333333333337,0,0,60,0.9487161126953108,-0.6665642591979041
270,1,1,24,0.1533333333333333,0,0,126,-1.4693875340843667,0.3635934533154041
860,0,2,31,0.3066666666666666,3,1,122,-0.2926110626851629,0.3086658056949343
435,1,2,30,0.02,0,1,32,-0.3918757324040192,-1.168948844531482
102,0,0,19,0.7000000000000002,2,1,131,0.7355276086519716,0.4727891209922675
